Facility Name,Starting Animal Statistics - In Shelter Count as of 1/1/2019 - Dogs-Adult,Starting Animal Statistics - In Shelter Count as of 1/1/2019 - Dogs-Juvenile,Starting Animal Statistics - In Shelter Count as of 1/1/2019 - Cats-Adult,Starting Animal Statistics - In Shelter Count as of 1/1/2019 - Cats-Juvenile,Starting Animal Statistics - In Shelter Count as of 1/1/2019 - Birds,Starting Animal Statistics - In Foster Care Count as 1/1/2019 - Dogs-Adult,Starting Animal Statistics - In Foster Care Count as 1/1/2019 - Dogs-Juvenile,Starting Animal Statistics - In Foster Care Count as 1/1/2019 - Cats-Adult,Starting Animal Statistics - In Foster Care Count as 1/1/2019 - Cats-Juvenile,Animal Intake Statistics - Stray - Dogs-Adult,Animal Intake Statistics - Stray - Dogs-Juvenile,Animal Intake Statistics - Stray - Cats-Adult,Animal Intake Statistics - Stray - Cats-Juvenile,Animal Intake Statistics - Owner Relinquished - Dogs-Adult,Animal Intake Statistics - Owner Relinquished - Dogs-Juvenile,Animal Intake Statistics - Owner Relinquished - Cats-Adult,Animal Intake Statistics - Owner Relinquished - Cats-Juvenile,Animal Intake Statistics - Transfer In from a Colorado Organization - Dogs-Adult,Animal Intake Statistics - Transfer In from a Colorado Organization - Dogs-Juvenile,Animal Intake Statistics - Transfer In from a Colorado Organization - Cats-Adult,Animal Intake Statistics - Transfer In from a Colorado Organization - Cats-Juvenile,Animal Intake Statistics - Transfer In from an Out of State Organization - Dogs-Adult,Animal Intake Statistics - Transfer In from an Out of State Organization - Dogs-Juvenile,Animal Intake Statistics - Transfer In from an Out of State Organization - Cats-Adult,Animal Intake Statistics - Transfer In from an Out of State Organization - Cats-Juvenile,"Animal Intake Statistics - Other; TNR/Protective Custody/Returns/Disaster Relief, etc. - Dogs-Adult","Animal Intake Statistics - Other; TNR/Protective Custody/Returns/Disaster Relief, etc. - Dogs-Juvenile","Animal Intake Statistics - Other; TNR/Protective Custody/Returns/Disaster Relief, etc. - Cats-Adult","Animal Intake Statistics - Other; TNR/Protective Custody/Returns/Disaster Relief, etc. - Cats-Juvenile",Animal Outcome Statistics - Adoption - Dogs-Adult,Animal Outcome Statistics - Adoption - Dogs-Juvenile,Animal Outcome Statistics - Adoption - Cats-Adult,Animal Outcome Statistics - Adoption - Cats-Juvenile,Animal Outcome Statistics - Return to Owner - Dogs-Adult,Animal Outcome Statistics - Return to Owner - Dogs-Juvenile,Animal Outcome Statistics - Return to Owner - Cats-Adult,Animal Outcome Statistics - Return to Owner - Cats-Juvenile,Animal Outcome Statistics - Transfer Out to a Colorado Organization - Dogs-Adult,Animal Outcome Statistics - Transfer Out to a Colorado Organization - Dogs-Juvenile,Animal Outcome Statistics - Transfer Out to a Colorado Organization - Cats-Adult,Animal Outcome Statistics - Transfer Out to a Colorado Organization - Cats-Juvenile,Animal Outcome Statistics - Transfer Out to an Out of State Organization - Dogs-Adult,Animal Outcome Statistics - Transfer Out to an Out of State Organization - Dogs-Juvenile,Animal Outcome Statistics - Transfer Out to an Out of State Organization - Cats-Adult,Animal Outcome Statistics - Transfer Out to an Out of State Organization - Cats-Juvenile,Animal Outcome Statistics - Other Live Outcomes - Dogs-Adult,Animal Outcome Statistics - Other Live Outcomes - Dogs-Juvenile,Animal Outcome Statistics - Other Live Outcomes - Cats-Adult,Animal Outcome Statistics - Other Live Outcomes - Cats-Juvenile,Ending Animal Statistics - In Shelter Count as of 12/31/2019 - Dogs-Adult,Ending Animal Statistics - In Shelter Count as of 12/31/2019 - Dogs-Juvenile,Ending Animal Statistics - In Shelter Count as of 12/31/2019 - Cats-Adult,Ending Animal Statistics - In Shelter Count as of 12/31/2019 - Cats-Juvenile,
2 Blondes All Breed Rescue,59,30,0,0,0,0,0,0,0,0,0,0,0,0,0,0,0,0,0,0,0,526,1228,0,0,54,81,0,0,448,1262,0,0,0,0,0,0,0,0,0,0,2,0,0,0,0,0,0,0,78,0,0,0,
"2nd Chance Vizsla Rescue, Inc.",0,0,0,0,0,8,0,0,0,0,1,0,0,5,0,0,0,2,0,0,0,0,0,0,0,0,0,0,0,7,0,0,0,0,0,0,0,0,0,0,0,0,0,0,0,1,0,0,0,0,0,0,0,
4 Paws 4 Life Rescue,26,16,6,3,0,0,0,0,0,0,0,0,0,23,7,3,4,4,0,0,0,274,498,28,38,0,0,0,0,311,491,32,41,0,0,0,0,1,0,0,0,6,1,0,0,0,0,0,0,5,18,5,4,
9 Lives Rescue,0,0,0,0,0,0,0,35,0,0,0,4,1,0,0,12,0,0,0,11,9,0,0,13,39,0,0,7,0,0,0,82,0,0,0,0,0,0,0,0,0,0,0,0,0,0,0,4,0,0,0,0,0,
Acadiana Animal Aid,17,44,76,9,0,32,41,4,11,89,71,31,119,68,55,54,12,0,0,0,0,466,1037,245,325,9,32,10,4,207,276,146,228,10,1,0,0,101,324,74,20,374,560,160,156,0,0,0,0,17,26,32,37,
Adams County Animal Shelter & Adoption Center,56,1,60,9,0,12,16,7,9,2518,77,1003,571,857,54,381,73,52,4,3,3,0,0,0,0,282,29,77,65,1606,122,978,508,1761,28,141,12,134,7,29,23,8,0,0,0,4,0,3,2,60,4,86,6,
Adoptable Animal Rescue Force,8,2,0,0,0,0,0,0,0,2,0,0,0,14,1,0,0,28,23,0,0,35,24,0,0,0,0,0,0,74,50,0,0,0,0,0,0,3,0,0,0,0,0,0,0,0,0,0,0,7,0,0,0,
Airedale Terrier Rescue and Adoption,0,0,0,0,0,1,0,0,0,0,0,0,0,6,0,0,0,0,0,0,0,3,0,0,0,0,0,0,0,5,0,0,0,0,0,0,0,0,0,0,0,1,0,0,0,0,0,0,0,0,0,0,0,
All Aboard Animal Rescue ,0,0,0,0,0,9,1,0,0,0,0,0,0,0,0,0,0,0,0,0,0,298,475,0,0,0,0,0,0,301,476,0,0,0,0,0,0,0,0,0,0,0,0,0,0,0,0,0,0,0,0,0,0,
All Breed Rescue & Training,0,0,0,0,0,25,10,0,0,0,0,0,0,20,0,0,0,26,22,0,0,2,0,0,0,9,0,0,0,49,24,0,0,7,0,0,0,1,0,0,0,0,0,0,0,0,0,0,0,0,0,0,0,
All Paws Matter ,0,0,0,0,0,7,8,0,0,0,0,0,0,2,0,0,0,13,0,0,0,106,266,0,0,20,0,0,0,96,249,0,0,0,0,0,0,17,0,0,0,2,0,0,0,0,0,0,0,0,0,0,0,
All Points West German Shorthaired Pointer (GSP) Rescue,0,0,0,0,0,15,0,0,0,0,0,0,0,23,0,0,0,2,0,0,0,41,17,0,0,0,0,0,0,66,15,0,0,0,0,0,0,0,0,0,0,1,0,0,0,0,0,0,0,0,0,0,0,
Almost Home Adoptions,0,0,68,0,0,0,0,0,0,0,0,194,399,0,0,43,12,0,0,0,0,0,0,0,0,0,0,26,0,0,0,190,425,0,0,0,0,0,0,0,0,0,0,0,0,0,0,26,0,0,0,78,7,
American Bullmastiff Assoc. Rescue Inc,1,0,0,0,0,0,0,0,0,0,0,0,0,0,0,0,0,0,0,0,0,1,0,0,0,0,0,0,0,1,0,0,0,0,0,0,0,0,0,0,0,0,0,0,0,0,0,0,0,0,0,0,0,
Angels with Paws,0,0,6,9,0,0,0,8,0,0,0,25,34,0,0,31,25,0,0,7,0,0,0,106,58,0,0,0,0,0,0,142,93,0,0,1,0,0,0,0,0,0,0,0,0,0,0,0,0,0,0,7,9,
Animal House Rescue & Grooming,10,2,0,0,0,15,5,0,0,1,0,0,0,27,16,0,0,51,0,0,0,399,174,0,0,103,0,0,0,569,187,0,0,0,0,0,0,1,0,0,0,0,0,0,0,0,0,0,0,12,0,0,0,
Animal Kingdom,0,0,0,0,0,0,0,0,0,0,0,0,0,0,5,0,12,0,0,0,0,0,0,0,0,0,0,0,0,0,5,0,12,0,0,0,0,0,0,0,0,0,0,0,0,0,0,0,0,0,0,0,0,
Animal Rescue of the Rockies,0,0,0,0,0,17,12,17,104,0,0,148,307,5,5,6,0,19,5,39,98,101,82,246,398,35,1,66,25,158,101,401,879,0,0,0,0,0,0,0,1,2,0,0,0,0,0,0,0,0,0,0,0,
Animal Rescue of the Rockies Cat Casita,0,0,12,0,0,0,0,0,0,0,0,1,2,0,0,0,0,0,0,8,4,0,0,0,0,0,0,0,0,0,0,18,2,0,0,0,0,0,0,0,0,0,0,0,0,0,0,0,0,0,0,3,4,
Animal Welfare Coalition of Northeastern New Mexico,0,0,0,0,0,0,0,0,0,0,0,0,0,0,0,0,0,0,0,0,0,0,0,0,0,0,0,0,0,0,0,0,0,0,0,0,0,0,0,0,0,0,0,0,0,0,0,0,0,0,0,0,0,
Annies Orphans,50,6,0,0,0,0,0,0,0,2,1,0,0,37,12,0,0,2,0,0,0,7,0,0,0,0,0,0,0,22,18,0,0,6,0,0,0,0,0,0,0,0,0,0,0,0,0,0,0,98,19,0,0,
"Ark Valley Humane Society, Inc. - AVHS South",0,0,0,0,0,0,0,0,0,52,2,1,9,0,2,0,0,0,0,0,0,0,0,0,0,0,0,0,0,1,0,1,2,0,20,0,0,30,2,1,9,0,0,0,0,0,0,0,0,0,0,0,0,
"Ark-Valley Humane Society, Inc.",13,0,3,0,0,0,0,0,0,157,2,63,82,77,5,48,22,38,2,21,14,6,0,0,0,52,0,25,6,149,8,116,112,151,3,15,5,20,0,0,4,1,0,0,0,7,0,18,0,8,0,8,0,
Aspen Boarding Kennel And Animal Shelter,17,5,3,0,0,0,0,0,0,94,1,8,0,54,2,31,14,94,6,0,0,9,13,16,31,11,0,0,0,160,25,44,44,99,1,3,0,0,0,0,0,0,0,0,0,0,0,0,0,20,0,10,0,
Aurora Animal Shelter,49,10,30,0,2,2,1,0,1,1320,42,236,180,211,15,120,30,23,10,18,2,0,0,11,0,235,27,97,57,552,52,277,179,1011,28,68,5,59,12,20,28,7,1,0,0,0,0,5,0,31,2,25,1,
Australian Shepherds Furever,0,0,0,0,0,2,0,0,0,0,0,0,0,2,7,0,0,1,0,0,0,2,0,0,0,0,0,0,0,2,7,0,0,0,0,0,0,0,0,0,0,0,0,0,0,0,0,0,0,0,0,0,0,
AWR Cat Tails Rescue,0,0,61,14,0,0,0,0,0,0,0,0,0,0,0,44,40,0,0,1,5,0,0,30,5,0,0,0,0,0,0,68,14,0,0,0,0,0,0,3,0,0,0,0,0,0,0,0,0,0,0,41,20,
Aztec Animal Shelter,0,0,0,0,0,0,0,0,0,0,0,0,0,0,0,0,0,0,0,0,0,0,0,0,0,0,0,0,0,0,0,0,0,0,0,0,0,0,0,0,0,0,0,0,0,0,0,0,0,0,0,0,0,
Bark It ,0,0,0,0,0,0,0,0,0,0,0,0,0,0,9,0,0,0,0,0,0,0,2,0,0,0,0,0,0,0,2,0,0,0,0,0,0,0,0,0,0,0,0,0,0,0,0,0,0,0,0,0,0,
Bear Creek Animal Hospital,3,0,4,0,0,0,0,0,0,169,15,59,73,45,6,18,12,0,0,0,0,0,0,0,0,0,0,0,0,83,14,41,47,123,7,1,0,3,0,9,25,0,0,0,0,0,0,0,0,9,1,5,1,
Beasties LLC,0,0,0,0,0,0,0,0,0,0,0,0,0,0,0,0,0,0,0,0,0,0,0,0,0,0,0,0,0,0,0,0,0,0,0,0,0,0,0,0,0,0,0,0,0,0,0,0,0,0,0,0,0,
Bernese Mountain Dog Club of the Rockies - BMDCR,0,0,0,0,0,0,0,0,0,0,0,0,0,5,0,0,0,0,0,0,0,0,0,0,0,0,0,0,0,4,0,0,0,0,0,0,0,0,0,0,0,0,0,0,0,0,0,0,0,0,0,0,0,
Beyond Rescue,0,0,0,0,0,0,0,0,0,0,0,0,0,0,0,0,0,1,0,0,0,0,0,0,0,0,0,0,0,1,0,0,0,0,0,0,0,0,0,0,0,0,0,0,0,0,0,0,0,0,0,0,0,
Big Bones Canine Rescue,29,0,0,0,0,62,45,0,0,1,3,0,0,89,20,0,0,63,65,0,0,482,509,0,0,0,0,0,0,606,555,0,0,0,0,0,0,0,0,0,0,0,0,0,0,0,0,0,0,29,0,0,0,
"Big Dogs Huge Paws, Inc",0,0,0,0,0,32,0,0,0,5,1,0,0,127,21,0,0,16,0,0,0,80,19,0,0,0,0,0,0,227,29,0,0,0,0,0,0,0,0,0,0,0,0,0,0,0,0,0,0,0,0,0,0,
Black Ops Rescue,0,0,0,0,0,0,0,0,0,0,0,0,0,0,1,0,0,5,0,0,0,0,0,0,0,0,0,0,0,4,1,0,0,0,0,0,0,0,0,0,0,0,0,0,0,0,0,0,0,0,0,0,0,
Blackhat humane Society,0,0,0,0,0,2,3,1,0,9,6,0,0,2,0,0,0,0,0,0,0,0,0,0,0,0,0,0,0,12,8,1,0,0,0,0,0,0,0,0,0,0,1,0,0,0,0,0,0,0,0,0,0,
Blue Lion Rescue,93,0,0,0,0,0,1,0,0,0,0,0,0,16,0,0,0,18,1,0,0,5,0,0,0,0,0,0,0,13,2,0,0,1,0,0,0,0,0,0,0,1,0,0,0,0,0,0,0,98,0,0,0,
Blue Moon Akita Rescue,18,0,0,0,0,0,0,0,0,0,0,0,0,0,0,0,0,0,0,0,0,0,0,0,0,0,0,0,0,2,0,0,0,0,0,0,0,0,0,0,0,0,0,0,0,0,0,0,0,15,0,0,0,
Bounce Animal Rescue,0,0,0,0,0,22,26,0,0,0,0,0,0,21,0,1,1,0,0,0,0,225,564,0,0,0,46,0,0,241,602,1,1,0,0,0,0,0,0,0,0,0,0,0,0,0,0,0,0,0,0,0,0,
Breeder Release Adoption Service,22,0,0,0,0,11,0,0,0,0,0,0,0,4,0,0,0,53,0,0,0,320,121,0,0,0,0,0,0,345,121,0,0,0,0,0,0,0,0,0,0,0,0,0,0,0,0,0,0,33,0,0,0,
Brighter Days Dog Rescue,0,0,0,0,0,2,8,0,0,0,0,0,0,4,0,0,0,20,0,0,0,122,206,0,0,0,0,0,0,140,206,0,0,0,0,0,0,1,0,0,0,0,0,0,0,0,0,0,0,0,0,0,0,
Bruno The Companion All Animal Rescue ,0,0,0,0,0,1,1,0,0,0,0,0,0,9,9,0,0,8,0,0,0,3,0,0,0,0,0,0,0,19,0,0,0,0,0,0,0,1,0,0,0,1,0,0,0,4,0,0,0,0,0,0,0,
"Buck'n-R-Ranch Animal Rescue, Inc.",14,17,0,0,3,0,0,0,0,0,0,0,0,0,0,0,5,0,0,0,0,2,0,10,0,0,0,0,0,9,12,10,3,0,0,0,0,5,5,0,2,0,0,0,0,0,0,0,0,0,0,0,0,
Cane Haven Rescue,0,0,0,0,0,17,20,0,0,1,0,0,0,10,12,0,0,0,0,0,0,6,8,0,0,0,0,0,0,9,18,0,0,1,0,0,0,0,0,0,0,0,0,0,0,0,0,0,0,0,0,0,0,
Cat Care Society,0,0,68,13,0,0,0,3,9,0,0,79,105,0,0,212,60,0,0,92,105,0,0,0,0,0,0,0,0,0,0,296,250,0,0,43,0,0,0,8,0,0,0,0,0,0,0,0,0,0,0,72,9,
Cats Alive,0,0,0,0,0,0,0,8,0,0,0,0,0,0,0,20,53,0,0,10,23,0,0,0,0,0,0,8,48,0,0,16,24,0,0,6,0,0,0,16,70,0,0,0,0,0,0,2,0,0,0,0,0,
Cats League and Assistance of the Western Slope,0,0,242,0,0,0,0,70,178,0,0,114,294,0,0,134,58,0,0,22,0,0,0,15,0,0,0,43,4,0,0,281,231,0,0,3,0,0,0,0,2,0,0,0,0,0,0,5,0,0,0,264,0,
Cats League and Assistance of the Western Slope - CLAWS Adoption,0,0,0,0,0,0,0,0,0,0,0,0,0,0,0,0,0,0,0,69,34,0,0,0,0,0,0,0,0,0,0,12,9,0,0,0,0,0,0,0,0,0,0,0,0,0,0,0,0,0,0,57,25,
"Cavalier King Charles Spaniel Club Rescue, Inc.",0,0,0,0,0,0,0,0,0,0,0,0,0,10,0,0,0,2,0,0,0,0,0,0,0,0,0,0,0,11,0,0,0,0,0,0,0,0,0,0,0,0,0,0,0,0,0,0,0,0,0,0,0,
Cavy Care Inc.,0,0,0,0,0,0,0,0,0,0,0,0,0,0,0,0,0,0,0,0,0,0,0,0,0,0,0,0,0,0,0,0,0,0,0,0,0,0,0,0,0,0,0,0,0,0,0,0,0,0,0,0,0,
Cayleb's Kindred Senior Dog Rescue,0,0,0,0,0,9,0,2,0,0,0,0,0,0,0,0,0,5,0,0,0,0,0,0,0,0,0,0,0,2,0,0,0,0,0,0,0,0,0,0,0,0,0,0,0,0,0,0,0,0,0,0,0,
Cheyenne Animal Shelter,67,0,0,0,0,0,0,0,0,0,0,0,0,0,0,0,0,0,0,0,0,0,0,0,0,0,0,0,0,0,0,0,0,0,0,0,0,0,0,0,0,0,0,0,0,0,0,0,0,0,0,0,0,
"Chihuahua & Small Dog Rescue, Inc.",0,0,0,0,0,35,6,0,0,0,0,0,0,8,5,0,0,82,7,0,0,64,29,0,0,0,0,0,0,156,21,0,0,0,0,0,0,0,0,0,0,0,0,0,0,0,0,0,0,0,0,0,0,
Chow Down,0,0,12,0,0,0,0,0,0,0,0,14,0,0,0,17,0,0,0,32,0,0,0,0,0,0,0,0,0,0,0,63,0,0,0,1,0,0,0,0,0,0,0,0,0,0,0,0,0,0,0,11,0,
Circle 2 Rescue,0,0,0,0,0,12,27,0,0,0,0,0,0,0,0,0,0,0,0,0,0,140,253,0,0,0,0,0,0,141,260,0,0,0,0,0,0,0,0,0,0,0,0,0,0,0,0,0,0,0,0,0,0,
City of Brush Animal Shelter,1,0,1,0,0,0,0,0,0,97,17,50,47,0,0,0,0,62,0,0,0,0,0,0,0,0,0,0,0,10,17,2,2,107,0,2,0,41,0,32,45,0,0,0,0,0,0,4,0,0,0,0,0,
City of Burlington Animal Shelter,0,0,0,0,0,0,0,0,0,60,3,0,0,0,0,0,0,0,0,0,0,0,0,0,0,0,0,0,0,0,0,0,0,52,1,0,0,8,2,0,0,0,0,0,0,0,0,0,0,0,0,0,0,
City of Cripple Creek Animal Shelter,0,0,0,0,0,0,0,0,0,30,0,0,0,0,0,0,0,0,0,0,0,0,0,0,0,1,0,0,0,4,0,0,0,27,0,0,0,0,0,0,0,0,0,0,0,0,0,0,0,0,0,0,0,
City of La Junta Animal Shelter,1,0,0,0,0,0,0,0,0,262,12,0,0,0,0,0,0,0,0,0,0,0,0,0,0,0,0,0,0,0,0,0,0,132,0,0,0,118,12,0,0,0,0,0,0,0,0,0,0,6,0,0,0,
City of Las Animas/County of Bent Animal Shelter,0,0,0,0,0,0,0,0,0,58,0,0,0,0,0,0,0,0,0,0,0,0,0,0,0,0,0,0,0,0,0,0,0,40,0,0,0,14,0,0,0,0,0,0,0,0,0,0,0,0,0,0,0,
City of Leadville/Lake County ,3,0,6,0,0,0,0,0,0,42,1,10,0,16,0,6,13,3,0,4,0,0,0,0,0,182,0,20,0,44,1,31,13,189,0,13,0,2,0,0,0,0,0,0,0,0,0,0,0,2,0,2,0,
City of Montrose Animal Services,7,2,12,4,0,0,0,0,0,546,38,155,112,60,4,38,18,26,29,10,0,0,0,0,0,30,1,1,0,190,49,97,115,421,18,18,2,29,0,39,0,0,0,0,0,0,0,0,0,15,6,10,2,
City of Rocky Ford Animal Shelter,0,0,0,0,0,0,0,0,0,63,19,0,0,0,0,0,0,0,0,0,0,0,0,0,0,0,0,0,0,0,0,0,0,41,8,0,0,22,11,0,0,0,0,0,0,0,0,0,0,0,0,0,0,
City of Walsenburg,106,33,0,0,0,0,0,0,0,99,1,0,0,7,22,0,0,0,0,0,0,0,0,0,0,0,10,0,0,15,29,0,0,44,0,0,0,22,4,0,0,0,0,0,0,0,0,0,0,106,33,0,0,
City of Wray Animal Shelter,0,0,0,0,0,0,0,0,0,34,10,0,0,0,0,0,0,0,0,0,0,0,0,0,0,8,1,0,0,0,0,0,0,37,11,0,0,5,0,0,0,0,0,0,0,0,0,0,0,0,0,0,0,
City of Yuma,0,0,0,0,0,0,0,0,0,75,10,0,0,0,0,0,0,0,0,0,0,0,0,0,0,1,0,0,0,14,6,0,0,52,5,0,0,9,0,0,0,0,0,0,0,0,0,0,0,2,0,0,0,
Colorado Animal Rescue,11,0,10,6,0,0,0,0,0,121,8,70,90,127,14,79,26,63,9,39,51,6,9,9,17,18,1,5,0,205,33,168,163,106,7,22,3,9,0,1,2,1,0,0,0,0,0,0,0,16,1,16,6,
Colorado Animal Welfare League,1,0,0,7,0,0,0,0,0,1,0,1,0,0,6,7,9,2,0,2,0,1,8,0,0,0,0,1,101,5,14,1,55,0,0,9,25,0,0,0,0,0,0,0,0,0,0,0,0,0,0,0,1,
Colorado Basenji Rescue,0,0,0,0,0,3,0,0,0,10,0,0,0,0,0,0,0,0,0,0,0,0,0,0,0,0,0,0,0,7,0,0,0,0,0,0,0,0,0,0,0,0,0,0,0,0,0,0,0,0,0,0,0,
Colorado Beagle Rescue,0,0,0,0,0,0,0,0,0,0,0,0,0,10,0,0,0,6,0,0,0,78,2,0,0,2,0,0,0,88,2,0,0,0,0,0,0,0,0,0,0,0,0,0,0,0,0,0,0,0,0,0,0,
Colorado Bullies & More ,0,0,0,0,0,1,0,0,0,0,0,0,0,10,0,0,0,1,0,0,0,21,0,0,0,0,0,0,0,23,0,0,0,0,0,0,0,0,0,0,0,0,0,0,0,0,0,0,0,0,0,0,0,
Colorado Canine Rescue ,0,0,0,0,0,18,10,0,0,0,0,0,0,0,0,0,0,5,5,0,0,15,36,0,0,2,5,0,0,24,47,0,0,0,0,0,0,2,1,0,0,0,0,0,0,0,0,0,0,0,0,0,0,
Colorado Greyhound Adoption,0,0,0,0,0,24,2,0,0,0,0,0,0,129,2,0,0,3,0,0,0,15,0,0,0,0,0,0,0,133,2,0,0,0,0,0,0,0,0,0,0,0,0,0,0,0,0,0,0,0,0,0,0,
Colorado House Rabbit Society,0,0,0,0,0,0,0,0,0,0,0,0,0,0,0,0,0,0,0,0,0,0,0,0,0,0,0,0,0,0,0,0,0,0,0,0,0,0,0,0,0,0,0,0,0,0,0,0,0,0,0,0,0,
Colorado Japanese Chin Rescue,0,0,0,0,0,6,0,0,0,0,0,0,0,16,2,0,0,3,0,0,0,1,0,0,0,0,0,0,0,10,2,0,0,0,0,0,0,0,0,0,0,0,0,0,0,0,0,0,0,0,0,0,0,
Colorado Kitty Coalition,0,0,0,0,0,0,0,3,14,0,0,7,25,0,0,10,2,0,0,0,0,0,0,43,108,0,0,0,0,0,0,56,121,0,0,0,0,0,0,0,0,0,0,0,0,0,0,0,0,0,0,0,0,
Colorado Pug Rescue,0,0,0,0,0,28,0,0,0,1,0,0,0,45,0,0,0,7,0,0,0,15,0,0,0,3,0,0,0,72,0,0,0,0,0,0,0,0,0,0,0,0,0,0,0,0,0,0,0,0,0,0,0,
Colorado Puppy Rescue,0,0,0,0,0,0,0,0,0,0,0,0,0,0,8,0,0,4,73,0,0,56,989,0,0,0,0,0,0,60,1055,0,0,0,0,0,0,0,0,0,0,0,0,0,0,0,0,0,0,0,0,0,0,
Colorado Reptile Humane Society,0,0,0,0,0,0,0,0,0,0,0,0,0,0,0,0,0,0,0,0,0,0,0,0,0,0,0,0,0,0,0,0,0,0,0,0,0,0,0,0,0,0,0,0,0,0,0,0,0,0,0,0,0,
Colorado Rhodesian Ridgeback Rescue,4,0,0,0,0,0,0,0,0,0,0,0,0,0,0,0,0,2,0,0,0,10,0,0,0,0,0,0,0,-10,0,0,0,0,0,0,0,0,0,0,0,0,0,0,0,0,0,0,0,4,0,0,0,
Colorado Shiba Inu Rescue,0,0,0,0,0,6,0,0,0,0,0,0,0,18,0,0,0,1,0,0,0,0,0,0,0,1,0,0,0,15,0,0,0,0,0,0,0,0,0,0,0,0,0,0,0,0,0,0,0,0,0,0,0,
Colorado St Bernard Rescue,0,0,0,0,0,17,0,0,0,0,0,0,0,5,0,0,0,0,0,0,0,27,4,0,0,3,0,0,0,33,0,0,0,0,0,0,0,0,0,0,0,0,0,0,0,0,0,0,0,0,0,0,0,
"Colorado Wyoming Vizsla Rescue Group, Inc",0,0,0,0,0,13,0,0,0,0,0,0,0,9,0,0,0,1,0,0,0,3,0,0,0,0,0,0,0,18,0,0,0,0,0,0,0,0,0,0,0,0,0,0,0,0,0,0,0,0,0,0,0,
Cooper's Companions Animal Rescue,7,0,0,0,0,0,0,0,0,0,0,0,0,76,22,0,0,12,2,0,0,17,40,0,0,0,0,0,0,67,56,0,0,0,0,0,0,6,5,0,0,13,0,0,0,13,2,0,0,0,0,0,0,
Cortez Animal Shelter,5,8,4,0,0,0,0,0,0,343,32,113,80,71,44,192,250,2,0,0,0,0,0,0,0,0,0,0,0,42,29,81,100,221,7,11,0,93,32,47,84,0,0,0,0,0,0,0,0,8,0,0,21,
County of Clear Creek Animal Shelter,17,0,32,0,0,7,0,4,1,77,0,17,0,35,0,17,0,1,0,0,0,187,0,0,0,59,0,3,0,201,0,32,1,64,0,2,0,24,0,1,0,0,0,0,0,56,0,1,0,24,0,27,0,
County of Park Animal Shelter,0,0,0,0,0,0,0,0,0,117,8,33,2,0,0,0,0,0,0,0,0,0,0,0,0,0,0,0,0,0,0,0,0,68,7,2,0,48,1,31,2,0,0,0,0,0,0,0,0,0,0,0,0,
Cuddle Bug Chinchillas,0,0,0,0,0,0,0,0,0,0,0,0,0,0,0,0,0,0,0,0,0,0,0,0,0,0,0,0,0,0,0,0,0,0,0,0,0,0,0,0,0,0,0,0,0,0,0,0,0,0,0,0,0,
Dakota Ranch Dog Rescue,43,0,0,0,0,0,0,0,0,0,0,0,0,2,0,0,0,2,0,0,0,0,0,0,0,0,0,0,0,11,0,0,0,0,0,0,0,0,0,0,0,0,0,0,0,0,0,0,0,35,0,0,0,
"Dalmatian Rescue of Colorado, Inc.",0,0,0,0,0,49,0,0,0,8,0,0,0,33,0,0,0,4,0,0,0,52,0,0,0,11,0,0,0,95,0,0,0,0,0,0,0,0,0,0,0,0,0,0,0,0,0,0,0,0,0,0,0,
"Dancing Dog Rescue and Recovery Ranch, Inc.",22,2,0,0,0,24,0,0,0,0,0,0,0,1,0,0,0,2,9,0,0,17,13,0,0,1,3,0,0,37,14,0,0,0,0,0,0,8,0,0,0,0,0,0,0,0,0,0,0,5,0,0,0,
David Jackson dba David & Mary Jackson Animal Sanctuary,32,0,0,0,0,0,0,0,0,0,0,0,0,0,0,0,0,0,0,0,0,0,0,0,0,0,0,0,0,0,0,0,0,0,0,0,0,0,0,0,0,0,0,0,0,0,0,0,0,28,0,0,0,
Delta County Citizens for Animal Welfare and Shelter,0,0,0,0,0,0,0,0,0,0,0,5,47,0,0,4,21,0,0,0,0,0,0,0,0,0,0,0,0,0,0,5,36,0,0,3,1,0,0,0,20,0,0,0,0,0,0,2,0,0,0,0,10,
Delta County Humane Society ,0,0,0,0,0,2,5,14,4,0,0,8,46,1,10,1,0,2,10,1,15,0,0,0,0,0,0,0,0,3,23,8,43,0,0,0,0,0,0,0,0,0,0,0,0,0,0,0,0,0,0,0,0,
Demi's Animal Rescue,0,0,0,0,0,6,2,6,8,1,0,3,60,4,0,13,17,14,6,1,9,6,5,7,64,0,0,0,0,26,10,24,120,0,0,0,0,0,0,0,0,0,0,0,0,0,0,0,0,0,0,0,0,
Denkai Animal Sanctuary,0,0,0,0,0,6,17,5,3,42,99,4,3,141,304,12,58,0,0,0,0,32,37,0,0,0,0,0,0,114,304,9,26,0,0,0,0,31,29,1,14,0,0,0,0,0,0,0,0,0,0,0,0,
Denver Animal Shelter,89,2,24,3,0,0,0,0,0,2507,156,505,383,342,24,178,35,33,16,48,31,1,0,0,1,1203,22,155,8,1162,112,502,310,2157,49,123,3,248,46,26,101,0,0,0,0,0,0,38,7,92,3,68,6,
Denver Cat Company,0,0,0,0,0,0,0,0,0,0,0,0,0,0,0,2,0,0,0,22,0,0,0,0,0,0,0,0,0,0,0,24,0,0,0,0,0,0,0,0,0,0,0,0,0,0,0,0,0,0,0,0,0,
Denver Dachshunds Rescue and Transport,0,0,0,0,0,55,0,0,0,0,0,0,0,22,2,0,0,10,0,0,0,138,21,0,0,0,3,0,0,183,18,0,0,0,0,0,0,0,0,0,0,0,0,0,0,0,0,0,0,0,0,0,0,
"Denver Samoyed Association, Inc.",0,0,0,0,0,0,0,0,0,0,0,0,0,6,0,0,0,0,0,0,0,1,0,0,0,0,0,0,0,7,0,0,0,0,0,0,0,0,0,0,0,0,0,0,0,0,0,0,0,0,0,0,0,
"DMK Rehoming, Inc.",0,0,0,0,0,0,0,0,0,1,4,0,0,8,22,0,0,0,9,0,0,3,8,0,0,12,22,0,0,16,60,0,0,0,0,0,0,0,0,0,0,0,0,0,0,0,0,0,0,0,0,0,0,
Do Over Dogs A Second Chance At Life,0,0,0,0,0,94,145,0,0,1,1,0,0,8,1,0,0,0,0,0,0,0,0,0,0,0,0,0,0,91,143,0,0,0,0,0,0,0,0,0,0,0,0,0,0,0,0,0,0,0,0,0,0,
Doberman Rescue of Colorado,3,0,0,0,0,3,0,0,0,1,0,0,0,2,1,0,0,10,1,0,0,4,1,0,0,1,0,0,0,16,3,0,0,0,0,0,0,0,0,0,0,0,0,0,0,0,0,0,0,2,0,0,0,
Doggy Dog World Rescue,0,0,0,0,0,4,0,9,0,0,0,0,0,1,0,0,0,0,0,0,0,110,61,95,139,0,0,0,0,106,59,94,139,0,0,0,0,0,0,0,0,2,0,0,0,0,0,0,0,0,0,0,0,
"Dogs Unbroken, A Colorado Non-Profit Rescue Organization",0,0,0,0,0,0,0,0,0,0,0,0,0,0,0,0,0,0,0,0,0,0,0,0,0,3,0,0,0,0,0,0,0,0,0,0,0,0,0,0,0,0,0,0,0,3,0,0,0,0,0,0,0,
Douglas County Canine rescue ,98,0,0,0,0,97,0,0,0,0,0,0,0,3,0,0,0,0,0,0,0,354,900,0,0,0,90,0,0,334,881,0,0,0,0,0,0,0,0,0,0,0,0,0,0,0,0,0,0,0,0,0,0,
Duck Team 6,0,0,0,0,0,0,0,0,0,0,0,0,0,0,0,0,0,0,0,0,0,0,2,0,0,0,0,0,0,0,2,0,0,0,0,0,0,0,0,0,0,0,0,0,0,0,0,0,0,0,0,0,0,
Dumb Friends League ,96,2,152,28,1,11,20,28,56,1565,95,1563,1337,3160,285,2597,770,341,184,380,414,79,95,47,2,0,146,0,118,3103,634,3635,2131,812,23,307,15,649,39,69,2,8,0,0,0,0,0,121,4,108,1,201,22,
Dumb Friends League Buddy Center,39,0,48,6,0,0,0,0,1,725,17,338,80,1075,75,810,178,150,39,82,15,1340,273,6,3,0,0,0,11,2301,338,960,237,674,21,111,1,128,33,13,0,4,0,1,0,0,0,29,0,108,1,201,22,
"Duncan's Place, A Cat Sanctuary",0,0,0,0,0,0,0,6,3,0,0,0,0,1,0,15,60,0,0,0,0,0,0,5,60,0,0,0,0,1,0,19,153,0,0,0,0,0,0,0,0,0,0,0,0,0,0,0,0,0,0,1,2,
Eagle County Animal Shelter and Services,7,0,6,0,0,0,0,0,0,190,6,64,22,46,1,26,18,20,10,19,100,76,26,0,0,36,16,21,21,168,42,59,131,170,2,19,0,19,0,5,3,0,0,0,0,0,0,20,13,10,2,5,12,
Eagle Valley Humane Society,1,0,23,1,0,0,0,0,0,1,0,10,24,11,6,29,27,7,8,6,13,7,4,0,0,0,0,0,0,27,18,61,60,0,0,0,0,0,0,0,0,0,0,0,0,0,0,0,0,0,0,6,3,
Eastern Plains Animal Welfare Alliance,2,0,0,0,0,3,0,2,0,12,8,35,115,37,14,26,55,9,0,0,0,0,0,0,0,3,0,8,0,41,16,10,20,3,0,3,0,12,6,54,142,0,0,0,0,5,0,2,0,2,0,0,0,
Eaton Animal Den,0,0,0,0,0,0,0,0,0,64,0,0,0,0,0,0,0,0,0,0,0,0,0,0,0,0,0,0,0,6,0,0,0,54,0,0,0,0,0,0,0,0,0,0,0,0,0,0,0,3,0,0,0,
El Paso County Canine Rescue,0,0,0,0,0,0,0,0,0,0,0,0,0,7,3,0,0,3,0,0,0,175,222,0,0,14,9,0,0,196,205,0,0,0,0,0,0,2,0,0,0,0,0,0,0,0,0,0,0,0,0,0,0,
"English Springer RescueAmerica, Inc",0,0,0,0,0,3,0,0,0,0,0,0,0,2,2,0,0,3,0,0,0,3,0,0,0,0,0,0,0,7,2,0,0,0,0,0,0,0,0,0,0,0,0,0,0,0,0,0,0,1,0,0,0,
Erin Nissen dba Durango Animal Connection,0,0,0,0,0,0,0,0,0,0,0,0,0,0,0,0,0,0,0,0,0,16,31,3,30,0,0,0,0,16,24,3,28,0,0,0,0,0,0,0,0,0,7,0,0,0,0,0,0,0,0,0,0,
Evergreen Animal Protective League,0,0,0,0,0,73,51,11,4,0,0,2,3,12,0,3,0,24,1,19,115,160,251,2,0,0,0,0,0,208,299,23,105,0,0,0,0,2,0,0,0,8,0,0,0,0,0,0,0,0,0,0,0,
Exotic Bird Ranch Inc.,0,0,0,0,29,0,0,0,0,0,0,0,0,0,0,0,0,0,0,0,0,0,0,0,0,0,0,0,0,0,0,0,0,0,0,0,0,0,0,0,0,0,0,0,0,0,0,0,0,0,0,0,0,
Farfel's Farm & Rescue,0,0,0,0,0,0,0,0,0,0,0,0,0,0,1,0,0,0,0,0,0,62,43,0,0,0,0,0,0,62,44,0,0,0,0,0,0,0,0,0,0,0,0,0,0,0,0,0,0,0,0,0,0,
Feline Rescue Network dba Lookwhatthecatbroughtin,0,0,108,0,0,0,0,9,0,0,0,0,0,0,0,32,20,0,0,135,63,0,0,3,21,0,0,0,5,0,0,109,120,0,0,15,2,0,0,0,0,0,0,0,0,0,0,0,0,0,0,133,0,
Ferret Dreams Rescue and Adoption,0,0,0,0,0,0,0,0,0,0,0,0,0,0,0,0,0,0,0,0,0,0,0,0,0,0,0,0,0,0,0,0,0,0,0,0,0,0,0,0,0,0,0,0,0,0,0,0,0,0,0,0,0,
Foothills Animal Shelter,62,4,53,1,0,8,2,8,1,1812,116,640,424,579,60,359,76,91,22,41,37,292,128,77,60,569,63,209,23,1388,313,944,528,1469,35,185,12,102,19,35,16,41,11,9,0,93,5,18,3,47,1,48,9,
For Pets' Sake Inc.,0,0,0,0,0,0,0,3,0,0,0,0,0,13,30,58,160,0,0,1,0,0,0,0,0,0,0,303,44,3,2,2,1,0,0,0,0,7,14,51,150,0,13,0,0,0,0,297,44,0,0,0,0,
For The Howl Of It Inc.,0,0,0,0,0,4,0,0,0,0,0,0,0,2,0,0,0,0,0,0,0,34,17,0,0,0,12,0,0,32,21,0,0,0,0,0,0,0,0,0,0,0,0,0,0,0,0,0,0,0,0,0,0,
Forgotten Felines Rescue,0,0,0,0,0,0,0,3,3,0,0,0,0,0,0,0,0,0,0,0,0,0,0,0,0,0,0,426,189,0,0,6,43,0,0,0,0,0,0,62,79,0,0,0,0,0,0,345,69,0,0,0,0,
Fort Collins Cat Rescue and Spay/Neuter Clinic,0,0,57,20,0,0,0,42,106,0,0,29,44,0,0,243,483,0,0,166,259,0,0,257,1045,0,0,116,20,0,0,844,1794,0,0,10,4,0,0,0,8,0,0,0,0,0,0,0,0,0,0,23,36,
Fort Morgan Humane Society,20,3,12,1,0,0,0,0,0,253,39,118,76,8,4,12,2,8,7,3,0,0,0,0,0,9,1,1,2,93,32,69,32,172,10,10,0,9,2,41,53,0,0,0,0,0,0,0,0,16,2,17,0,
Freedom Service Dogs,35,3,0,0,0,1,0,0,0,0,0,0,0,7,1,0,0,36,23,0,0,39,37,0,0,0,0,0,0,51,0,0,0,0,0,0,0,61,0,0,0,0,0,0,0,0,0,0,0,52,0,0,0,
Friends of Retired Greyhounds,0,0,0,0,0,20,0,0,0,0,0,0,0,13,0,0,0,0,0,0,0,67,0,0,0,0,0,0,0,99,0,0,0,0,0,0,0,0,0,0,0,0,0,0,0,0,0,0,0,0,0,0,0,
Friends of Shawnee Animals,0,0,0,0,0,0,0,0,0,0,0,0,0,0,0,0,0,0,0,0,0,6,3,0,0,0,0,0,0,4,0,0,0,0,0,0,0,1,0,0,0,0,0,0,0,0,0,0,0,0,0,0,0,
From Forgotten to Forever Rescue and Transport,0,0,0,0,0,9,5,0,0,0,0,0,0,28,15,0,0,2,0,0,0,74,50,4,5,0,0,0,0,92,64,0,0,0,0,0,0,0,0,0,0,0,0,0,0,0,0,0,0,0,0,0,0,
Front Range Freedom Rescue,0,0,0,0,0,0,0,0,0,0,0,1,15,1,0,4,12,0,0,0,0,4,1,66,140,0,0,0,5,3,1,42,151,0,0,0,0,0,0,0,0,0,0,0,0,0,0,0,0,0,0,0,0,
Front Range German Shepherd Rescue,0,0,0,0,0,7,0,0,0,0,0,0,0,7,0,0,0,84,14,0,0,8,0,0,0,0,0,0,0,104,14,0,0,0,0,0,0,0,0,0,0,0,0,0,0,0,0,0,0,0,0,0,0,
Ft Lupton Veterinary Hospital,0,0,0,0,0,0,0,0,0,78,0,2,0,0,0,0,0,0,0,0,0,0,0,0,0,0,0,0,0,3,0,0,0,59,0,0,0,15,0,0,0,0,0,0,0,0,0,0,0,0,0,0,0,
Fureverdog Rescue,15,2,0,0,0,0,0,0,0,8,9,0,0,26,20,0,0,16,1,0,0,6,67,0,0,0,0,0,0,62,96,0,0,0,0,0,0,0,0,0,0,0,0,0,0,0,0,0,0,10,2,0,0,
Garden Valley Veterinary Hospital ,0,0,0,0,0,0,0,0,0,0,0,0,0,0,0,0,0,0,0,0,0,0,0,0,0,0,0,0,0,0,0,0,0,0,0,0,0,0,0,0,0,0,0,0,0,0,0,0,0,0,0,0,0,
Garfield County Animal Welfare Foundation Inc dba Rifle Animal Shelter,24,10,11,1,0,0,0,0,0,384,22,71,115,224,39,121,165,165,76,73,173,34,5,13,34,1,18,0,41,496,134,267,459,307,7,9,4,9,0,4,2,2,0,8,2,-16,16,-20,20,21,1,12,12,
German Shepherd Rescue of the Rockies,0,0,0,0,0,4,0,0,0,0,0,0,0,7,0,0,0,4,0,0,0,12,0,0,0,0,0,0,0,15,0,0,0,0,0,0,0,2,0,0,0,0,0,0,0,0,0,0,0,0,0,0,0,
Gina Chaffin dba Echo Acres,51,0,0,0,0,0,0,0,0,0,0,0,0,3,0,0,0,0,0,0,0,0,0,0,0,0,0,0,0,0,0,0,0,0,0,0,0,0,0,0,0,0,0,0,0,0,0,0,0,48,0,0,0,
Golden Retriever Freedom Rescue,0,0,0,0,0,6,0,0,0,0,0,0,0,16,12,0,0,2,7,0,0,122,6,0,0,0,0,0,0,137,22,0,0,0,0,0,0,0,0,0,0,0,0,0,0,0,0,0,0,0,0,0,0,
Golden Retriever Rescue of the Rockies,15,29,0,0,0,0,0,0,0,2,0,0,0,207,42,0,0,14,0,0,0,6,0,0,0,0,0,0,0,222,67,0,0,2,0,0,0,1,0,0,0,1,0,0,0,0,0,0,0,15,0,0,0,
Graceland Animal Rescue & Sanctuary,1,0,0,0,0,2,0,0,0,0,0,1,1,34,0,0,0,3,0,0,0,10,0,0,0,0,0,0,0,43,0,0,1,0,0,0,0,0,0,0,0,0,0,0,0,4,0,1,0,1,0,0,0,
Grand County Animal Shelter,4,0,4,0,0,0,0,0,0,103,3,27,7,27,10,29,25,2,0,0,6,0,0,0,0,37,0,4,0,32,10,52,37,127,3,5,0,0,0,0,0,0,0,0,0,0,0,0,0,5,0,3,0,
Grand Rivers Humane Society,0,0,0,0,0,0,0,0,0,0,0,0,0,18,0,74,33,186,3,25,26,0,0,0,0,0,0,0,0,204,3,94,54,0,0,0,0,0,0,0,0,0,0,0,0,0,0,0,0,0,0,5,5,
Grand Valley Pit Crew ,20,0,0,0,0,0,0,0,0,0,0,0,0,0,0,0,0,0,0,0,0,0,0,0,0,0,0,0,0,0,0,0,0,0,0,0,0,0,0,0,0,0,0,0,0,0,0,0,0,17,0,0,0,
Great Pyrenees Rescue & Sanctuary,8,2,0,0,0,3,0,0,0,0,0,0,0,37,10,0,0,4,0,0,0,18,3,0,0,0,0,0,0,56,15,0,0,0,0,0,0,0,0,0,0,0,0,0,0,0,0,0,0,10,0,0,0,
Grey Ghost Weimaraner Rescue,0,0,0,0,0,6,0,0,0,0,0,0,0,15,2,0,0,2,0,0,0,4,0,0,0,0,0,0,0,21,0,0,0,0,0,0,0,1,0,0,0,0,0,0,0,0,0,0,0,0,0,0,0,
Gritty Pittie Rescue,0,0,0,0,0,3,0,0,0,0,0,0,0,2,0,0,0,1,0,0,0,24,15,0,0,0,8,0,0,25,12,0,0,0,0,0,0,0,0,0,0,0,0,0,0,0,0,0,0,0,0,0,0,
"Gunnison Underdog Rescue, Inc.",0,0,0,0,0,1,0,0,0,4,1,0,0,11,1,1,0,24,5,0,0,9,3,0,0,0,0,1,0,42,10,1,0,0,0,0,0,2,0,0,0,0,0,0,0,0,0,0,0,0,0,0,0,
"Gunnison Valley Animal Welfare League, Inc.",4,0,1,0,0,0,0,0,0,93,1,14,5,32,2,31,21,1,0,22,44,0,4,0,0,3,2,13,0,33,8,55,65,92,1,5,0,1,0,0,0,0,0,0,0,2,0,0,12,4,0,7,0,
Happy Cats Haven,0,0,37,40,0,0,0,4,17,0,0,203,97,0,0,149,88,0,0,49,41,0,0,0,0,0,0,384,35,0,0,383,278,0,0,14,0,0,0,1,0,0,0,0,0,0,0,359,21,0,0,41,0,
Harley's Dream,0,0,0,0,0,2,0,0,0,0,0,0,0,1,0,0,0,0,0,0,0,27,0,0,0,0,0,0,0,21,0,0,0,0,0,0,0,3,0,0,0,0,0,0,0,0,0,0,0,0,0,0,0,
Harley's Hope Foundation,0,0,0,0,0,0,0,0,0,0,0,0,0,0,0,0,2,0,0,0,0,0,0,0,0,0,0,0,0,0,0,0,2,0,0,0,0,0,0,0,0,0,0,0,0,0,0,0,0,0,0,0,0,
Harmony Animal Matchmaker and Sanctuary,10,8,0,0,0,0,0,0,0,0,0,0,0,59,4,0,0,22,16,0,0,0,0,0,0,0,0,0,0,75,20,0,0,0,0,0,0,0,0,0,0,0,0,0,0,0,0,0,0,12,0,0,0,
"HearthFire Enterprises, Inc dba Happy Haven Farm & Sanctuary",14,0,0,38,0,0,0,0,0,0,0,3,0,2,0,1,0,1,0,0,0,1,0,2,0,0,0,8,0,1,0,2,0,0,0,0,0,0,0,0,0,0,0,0,0,0,0,0,0,15,0,37,0,
High Country Basset Hound Rescue,0,0,0,0,0,0,0,0,0,0,0,0,0,11,0,0,0,2,0,0,0,1,0,0,0,0,0,0,0,9,0,0,0,0,0,0,0,0,0,0,0,0,0,0,0,0,0,0,0,0,0,0,0,
Highway Hounds Rescue & Transport,0,0,0,0,0,1,0,0,0,0,0,0,0,0,0,0,0,0,0,0,0,1,0,0,0,0,0,0,0,0,0,0,0,0,0,0,0,1,0,0,0,0,0,0,0,0,0,0,0,0,0,0,0,
Ho-Bo Care Boxer Rescue,73,0,0,0,0,0,0,0,0,1,0,0,0,73,0,0,0,17,0,0,0,207,0,0,0,19,0,0,0,308,0,0,0,0,0,0,0,0,0,0,0,0,0,0,0,0,0,0,0,21,0,0,0,
"Home Sweet Home Rescue, LLC",0,0,0,0,0,0,0,0,0,0,0,0,0,0,0,0,0,0,0,0,0,0,0,0,0,0,0,0,0,0,0,0,0,0,0,0,0,0,0,0,0,0,0,0,0,0,0,0,0,0,0,0,0,
Homeward Bound Rescue of Colorado,3,0,0,0,0,0,0,0,0,0,0,0,0,8,0,0,0,1,1,0,0,0,0,0,0,0,0,0,0,4,1,0,0,0,0,0,0,0,0,0,0,0,0,0,0,0,0,0,0,3,0,0,0,
Hope For Animals-Clear Creek Rescue,0,0,0,0,0,18,8,0,0,0,0,0,0,2,0,0,0,3,0,0,0,2,7,0,0,0,0,0,0,15,8,0,0,0,0,0,0,0,0,0,0,0,0,0,0,0,0,0,0,0,0,0,0,
Humane Society of Boulder Valley,45,30,33,1,0,5,2,3,15,686,38,349,251,678,34,516,171,211,37,165,259,749,834,185,202,365,67,103,24,1720,1001,989,859,660,11,184,5,20,4,3,0,10,0,1,0,73,2,20,0,51,16,0,0,
Humane Society of Fremont County,50,3,65,9,0,0,0,0,0,267,37,144,107,178,19,117,34,33,0,14,9,0,10,0,0,353,12,31,7,255,38,172,82,461,12,13,2,139,26,158,49,0,0,0,0,0,0,0,0,16,5,10,9,
Humane Society Of Moab Valley,0,0,0,0,0,0,0,0,0,0,0,0,0,0,0,0,0,0,0,0,0,1,0,22,0,0,0,0,0,1,0,22,0,0,0,0,0,0,0,0,0,0,0,0,0,0,0,0,0,0,0,0,0,
Humane Society of Pagosa Springs,12,4,22,3,0,0,0,0,0,216,42,65,49,45,29,11,19,9,15,0,0,18,15,5,0,39,4,28,20,100,58,70,69,178,9,12,0,41,22,19,3,0,0,0,0,0,0,3,0,18,20,21,17,
Humane Society of the Pikes Peak Region,133,18,137,5,0,1,52,1,24,4245,199,2434,1064,1601,174,1487,770,567,313,97,327,983,635,0,0,858,123,1362,132,4321,1392,2615,1613,3004,53,402,19,141,16,244,291,6,0,0,0,0,0,1316,78,136,12,121,10,
Humane Society of the Pikes Peak Region - Pueblo,0,0,0,0,0,0,0,0,0,1342,80,503,699,353,84,297,207,8,11,18,18,6,12,0,0,108,9,316,83,465,78,318,198,849,29,46,1,257,68,197,540,2,0,0,1,0,0,347,93,77,2,39,14,
"Humane Society of the South Platte Valley, Inc.",50,8,35,7,0,6,1,1,4,346,13,78,57,136,16,75,31,49,10,5,31,331,89,65,62,48,1,4,18,628,131,167,191,265,5,29,1,20,0,14,4,8,0,1,0,0,0,9,0,22,1,30,5,
Humane Society of Weld County,69,11,75,22,0,2,9,1,9,421,25,352,385,192,30,95,15,3,8,0,0,75,79,0,0,1292,29,236,128,982,150,531,342,969,21,31,5,44,1,32,107,0,0,0,0,0,0,1,0,32,0,14,0,
Hutchinson Animal Shelter,24,8,25,16,0,1,1,0,6,502,228,318,555,195,61,146,235,0,0,0,0,12,5,0,0,47,21,15,12,262,164,222,283,323,81,22,14,16,11,20,13,70,35,23,83,0,0,0,0,14,2,17,15,
Indigo Mountain Nature Center,43,0,4,0,0,0,0,0,0,0,0,0,0,0,0,0,0,1,0,0,0,0,0,0,0,0,0,0,0,0,0,0,0,0,0,0,0,0,0,0,0,0,0,0,0,0,0,0,0,42,0,3,0,
Innocent Paws Puppy Rescue,0,0,0,0,0,0,0,0,0,0,0,0,0,0,3,0,0,0,0,0,0,16,114,0,0,0,26,0,0,12,125,0,0,0,0,0,0,0,0,0,0,0,0,0,0,0,0,0,0,0,0,0,0,
"International Hearing Dog, Inc",24,0,3,0,0,0,0,0,0,0,0,0,0,0,0,0,0,33,0,0,0,11,0,1,0,1,0,0,0,21,0,0,0,0,0,0,0,7,0,0,0,0,0,0,0,19,0,0,0,22,0,4,0,
Intuitive Dog Training LLC,0,0,0,0,0,0,0,0,0,0,0,0,0,3,3,0,0,0,0,0,0,0,0,0,0,0,0,0,0,3,3,0,0,0,0,0,0,0,0,0,0,0,0,0,0,0,0,0,0,0,0,0,0,
iResQ,0,0,0,0,0,3,5,1,0,0,0,0,0,6,21,0,0,13,89,0,0,61,252,7,16,0,0,0,0,66,346,4,16,0,0,0,0,10,17,3,0,0,0,0,0,2,0,0,0,0,0,0,0,
Izzy's Place Senior Dog Rescue ,0,0,0,0,0,4,0,0,0,0,0,0,0,18,0,0,0,5,0,0,0,2,0,0,0,0,0,0,0,24,0,0,0,0,0,0,0,0,0,0,0,0,0,0,0,0,0,0,0,0,0,0,0,
Jailbreak Husky Rescue,0,0,0,0,0,0,0,0,0,0,0,0,0,0,0,0,0,0,0,0,0,0,0,0,0,0,0,0,0,0,0,0,0,0,0,0,0,0,0,0,0,0,0,0,0,0,0,0,0,0,0,0,0,
Jemez Valley Animal Amigos,0,0,0,0,0,2,1,1,0,3,2,0,0,0,0,0,0,0,0,0,0,0,0,0,0,0,0,0,0,0,0,0,0,0,0,0,0,0,0,0,0,3,2,0,0,0,0,0,0,0,0,0,0,
JJ's Helping Paws,0,0,0,0,0,0,0,7,7,0,0,0,0,0,0,122,292,0,0,0,0,0,0,0,0,0,0,0,20,0,0,11,3,0,0,2,0,0,0,101,286,0,0,0,0,0,0,0,0,0,0,0,0,
Josephine Tullio dba The Tullios,8,0,23,0,2,0,0,0,0,0,0,2,0,0,0,0,0,0,0,0,0,0,0,0,0,0,0,0,0,0,0,0,0,0,0,0,0,0,0,0,0,0,0,0,0,0,0,0,0,8,0,21,0,
Katmandu Paonia,0,0,11,0,0,0,0,0,0,0,0,9,50,0,0,5,0,0,0,0,0,0,0,0,0,0,0,0,0,0,0,16,43,0,0,0,0,0,0,0,0,0,0,0,0,0,0,0,0,0,0,8,0,
Kristen Schnobrich dba Rocky Mtn German Shorthaired Pointer Rescue,6,3,0,0,0,0,0,0,0,0,0,0,0,1,0,0,0,1,0,0,0,4,3,0,0,0,0,0,0,4,2,0,0,0,0,0,0,0,0,0,0,0,0,0,0,0,0,0,0,7,0,0,0,
L.O.L.A.'S Rescue,0,0,0,0,0,19,18,4,14,0,0,0,0,41,11,12,24,8,0,4,9,135,166,71,309,0,37,0,0,165,184,72,329,0,0,0,0,1,1,2,0,0,0,0,0,0,0,0,0,0,0,0,0,
La Plata County Humane Society,40,4,27,3,0,0,7,0,7,574,68,252,365,285,113,212,207,95,64,27,42,37,44,4,7,23,0,109,4,515,262,421,516,420,10,46,1,16,3,1,0,0,0,0,0,10,10,88,15,51,1,21,36,
Lamar Animal Shelter,10,4,0,0,0,0,0,0,0,291,63,0,0,65,23,0,0,8,2,0,0,0,0,0,0,12,1,0,0,89,34,0,0,226,17,0,0,54,40,0,0,0,0,0,0,0,0,0,0,10,0,0,0,
Larimer Humane Society,27,3,98,18,0,6,17,7,27,1287,39,959,338,735,37,653,195,73,58,14,22,121,99,103,79,302,19,108,70,712,229,1161,498,1064,8,239,4,71,2,118,33,3,0,0,0,216,4,52,27,34,9,91,30,
Life is Better Rescue,0,0,9,0,0,2,2,18,1,0,0,0,1,5,0,3,3,19,9,11,84,44,95,143,128,0,0,0,0,62,95,164,184,0,0,0,0,0,0,0,0,0,0,0,0,0,0,0,0,0,0,12,12,
Lifeline Pet Rescue,2,21,0,0,0,7,14,0,0,0,0,0,0,2,6,0,0,9,155,0,0,144,1558,0,0,0,0,0,0,156,1672,0,0,0,1,0,0,0,0,0,0,0,0,0,0,0,0,0,0,3,42,0,0,
Lisa Haas dba Western Australian Shepherd Rescue,0,0,0,0,0,3,0,0,0,0,0,0,0,5,0,0,0,1,0,0,0,38,0,0,0,0,0,0,0,40,0,0,0,0,0,0,0,0,0,0,0,0,0,0,0,0,0,0,0,0,0,0,0,
Lisa Parker's Puppies,0,0,0,0,0,4,0,0,0,0,0,0,0,6,18,0,0,0,0,0,0,22,95,0,0,0,1,0,0,24,67,0,0,0,0,0,0,5,43,0,0,0,0,0,0,0,0,0,0,0,0,0,0,
Little Rescue on the Prairie,0,0,25,10,0,2,0,0,0,2,0,25,10,0,0,0,0,0,0,0,0,0,0,0,0,0,0,0,0,2,0,7,2,0,0,0,0,0,0,18,8,0,0,0,0,0,0,0,0,0,0,17,8,
Logan County Humane Society,13,1,15,0,0,0,1,2,6,212,14,51,88,42,0,26,33,0,0,0,0,0,0,0,0,39,6,9,0,43,7,12,20,154,7,10,2,84,3,48,73,0,0,0,0,0,0,0,0,12,0,13,4,
Loma Cat House,0,0,52,0,0,0,0,0,0,0,0,75,153,2,0,5,0,0,0,0,0,0,0,0,0,0,0,0,0,0,0,16,37,0,0,1,0,0,0,0,5,0,0,0,0,0,0,52,77,0,0,67,16,
Longmont Friends of Feral & Abandoned Cats,0,0,0,0,0,0,0,21,0,0,0,0,2,0,0,2,6,0,0,3,6,0,0,0,0,0,0,177,72,0,0,9,5,0,0,5,0,0,0,7,62,0,0,0,0,0,0,163,0,0,0,0,0,
Longmont Humane Society,97,0,42,5,1,8,0,16,10,916,29,431,367,379,13,286,45,117,14,128,86,362,120,95,100,154,10,21,0,1129,163,783,552,649,7,86,1,18,7,10,11,12,0,0,0,62,1,21,0,102,0,63,14,
"Lost Our Home Pet Rescue of Western Colorado, Inc.",0,0,0,0,0,0,0,0,0,0,0,0,0,0,1,1,0,0,0,0,0,0,0,0,0,4,2,11,0,0,1,1,0,4,2,7,0,0,0,0,0,0,0,0,0,0,0,0,0,0,0,0,0,
Low Riders of the West,0,0,0,0,0,10,6,0,0,0,0,0,0,4,0,0,0,11,0,0,0,189,138,0,0,0,0,0,0,203,137,0,0,0,0,0,0,0,0,0,0,0,0,0,0,0,0,0,0,0,0,0,0,
Lucille's Voice Animal Education and Emergency Rescue Center,0,0,0,0,0,0,0,0,0,0,0,0,0,0,0,0,0,0,0,0,0,0,0,0,0,0,0,0,0,0,0,0,0,0,0,0,0,0,0,0,0,0,0,0,0,0,0,0,0,0,0,0,0,
Lucky Day Animal Rescue of Colorado,0,0,0,0,0,2,0,0,0,8,1,0,0,16,1,1,1,8,1,0,0,31,38,0,0,0,0,0,0,65,41,1,1,0,0,0,0,0,0,0,0,0,0,0,0,0,0,0,0,0,0,0,0,
Majestic Canine Rescue,95,0,0,0,0,0,0,0,0,0,0,0,0,9,0,0,0,1,0,0,0,0,0,0,0,0,0,0,0,1,0,0,0,0,0,0,0,0,0,0,0,0,0,0,0,0,0,0,0,94,0,0,0,
MaxFund Inc Cat Shelter,0,0,185,50,0,0,0,12,2,0,0,120,158,0,0,266,76,0,0,23,0,0,0,5,8,0,0,51,1,0,0,441,100,0,0,17,0,0,0,0,0,0,0,0,0,0,0,0,0,0,0,170,100,
MaxFund Inc Dog Shelter,55,32,0,0,0,10,2,0,0,63,15,0,0,154,50,0,0,64,59,0,0,88,66,0,0,60,4,0,0,405,192,0,0,17,0,0,0,1,0,0,0,0,0,0,0,18,1,0,0,53,8,0,0,
McKinley County Humane Society,0,0,0,0,0,0,0,0,0,0,0,0,0,0,0,0,0,0,0,0,0,0,0,0,0,0,0,0,0,0,0,0,0,0,0,0,0,0,0,0,0,0,0,0,0,0,0,0,0,0,0,0,0,
Mesa County Animal Services,47,8,14,4,0,0,0,0,0,1013,107,108,159,321,13,18,19,0,0,0,0,0,0,0,0,0,0,0,0,165,40,30,32,711,21,10,0,336,53,52,117,0,0,0,0,0,0,0,0,35,14,5,13,
Miami Animal Alliance ,0,0,0,0,0,0,0,0,0,12,3,5,0,4,0,0,0,0,0,0,0,0,0,0,0,0,0,0,0,14,3,4,0,0,0,0,0,0,0,0,0,0,0,0,0,0,0,0,0,0,0,0,0,
MidAmerica Boston Terrier Rescue,0,0,0,0,0,0,0,0,0,0,0,0,0,16,2,0,0,9,2,0,0,2,0,0,0,0,0,0,0,16,2,0,0,0,0,0,0,0,0,0,0,9,0,0,0,0,0,0,0,0,0,0,0,
"Mile High Canine Rescue, Inc.",0,0,0,0,0,0,0,0,0,0,0,0,0,1,0,0,0,4,0,0,0,7,9,0,0,0,0,0,0,1,0,0,0,0,0,0,0,0,0,0,0,0,0,0,0,0,0,0,0,0,0,0,0,
Mile High Dachshunds Rescue,0,0,0,0,0,1,0,0,0,0,0,0,0,21,0,0,0,6,0,0,0,0,0,0,0,0,0,0,0,27,0,0,0,0,0,0,0,0,0,0,0,0,0,0,0,0,0,0,0,0,0,0,0,
Mile High German Shorthaired Pointer Rescue,9,0,0,0,0,0,0,0,0,2,0,0,0,14,0,0,0,5,0,0,0,5,0,0,0,0,0,0,0,32,0,0,0,0,0,0,0,0,0,0,0,0,0,0,0,0,0,0,0,0,0,0,0,
Mile High Labrador Retriever Mission,0,0,0,0,0,39,14,0,0,0,0,0,0,0,0,0,0,0,0,0,0,279,195,0,0,0,0,0,0,309,202,0,0,0,0,0,0,0,0,0,0,0,0,0,0,0,0,0,0,7,7,0,0,
Moms and Mutts Colorado Rescue,0,0,0,0,0,19,82,0,0,0,0,0,0,5,45,0,0,0,10,0,0,107,1914,0,0,0,0,0,0,108,1991,0,0,0,0,0,0,3,0,0,0,0,0,0,0,0,0,0,0,0,0,0,0,
Mother Gaia Animal Rescue,0,0,0,0,0,10,1,4,5,0,0,0,4,2,1,9,9,2,0,2,0,48,27,37,53,0,0,0,0,59,27,42,64,0,0,0,0,0,0,0,0,0,0,0,0,0,0,0,0,0,0,0,0,
Mountain High Collie & Sheltie Rescue,0,0,0,0,0,1,0,0,0,0,0,0,0,3,0,0,0,0,0,0,0,0,0,0,0,0,0,0,0,4,0,0,0,0,0,0,0,0,0,0,0,0,0,0,0,0,0,0,0,0,0,0,0,
Mountain High Service Dogs Inc,0,0,0,0,0,15,0,0,0,0,0,0,0,1,0,0,0,0,0,0,0,0,0,0,0,0,0,0,0,0,0,0,0,8,0,0,0,0,0,0,0,0,0,0,0,0,0,0,0,0,0,0,0,
Mountain Pet Rescue,0,0,0,0,0,20,9,0,0,0,0,0,0,10,3,0,0,5,0,0,0,102,114,0,0,6,0,0,0,131,120,0,0,0,0,0,0,1,0,0,0,0,0,0,0,0,0,0,0,0,0,0,0,
My Fairy Dawg Mother Rescue,0,0,0,0,0,9,6,0,0,0,0,0,0,14,17,0,0,7,1,0,0,55,14,0,0,0,0,0,0,73,32,0,0,0,0,0,0,0,0,0,0,0,0,0,0,0,0,0,0,0,0,0,0,
My Second Home Rescue,0,0,0,0,0,5,0,0,0,0,0,0,0,10,5,0,0,2,0,0,0,46,24,0,0,0,0,0,0,61,29,0,0,0,0,0,0,0,0,0,0,0,0,0,0,0,0,0,0,0,0,0,0,
Natalia Kelley dba Colorado Animal Care Foundation - CACF,0,0,0,0,0,7,14,0,0,0,0,0,0,126,318,0,0,0,0,0,0,0,4,0,0,0,0,0,0,114,309,0,0,0,0,0,0,11,1,0,0,1,0,0,0,0,0,0,0,0,0,0,0,
National Mill Dog Rescue,194,8,0,0,0,27,5,0,0,3,3,0,0,21,0,0,0,14,13,0,0,863,72,0,0,52,11,0,0,705,48,0,0,0,0,0,0,170,31,0,0,181,12,0,0,0,0,0,0,95,20,0,0,
Nebraska Humane Society,0,0,0,0,0,0,0,0,0,0,0,0,0,0,0,0,0,0,0,0,0,0,0,0,0,0,0,0,0,0,0,0,0,0,0,0,0,0,0,0,0,0,0,0,0,0,0,0,0,0,0,0,0,
New Hope Cattle Dogs Rescue & Rehoming,0,0,0,0,0,10,4,0,0,0,0,0,0,4,1,0,0,4,0,0,0,266,50,0,0,0,59,0,0,275,94,0,0,0,0,0,0,0,0,0,0,0,0,0,0,0,0,0,0,0,0,0,0,
New Hope Rescue Inc.,0,0,0,0,0,26,5,15,2,0,0,0,0,0,0,0,0,0,0,0,0,181,93,60,50,0,8,0,0,194,84,64,28,0,0,0,0,0,0,0,0,0,0,0,0,0,0,0,0,0,0,0,0,
Nikenos Second Chances,0,0,0,0,0,4,0,0,0,0,0,0,0,5,0,0,0,3,0,0,0,1,6,0,0,0,0,0,0,7,0,0,0,0,0,0,0,0,0,0,0,0,0,0,0,0,0,0,0,0,0,0,0,
No Hound Unhomed,13,0,0,0,0,0,0,0,0,0,0,0,0,33,1,0,0,3,0,0,0,63,20,0,0,0,0,0,0,106,21,0,0,0,0,0,0,0,0,0,0,0,0,0,0,0,0,0,0,6,0,0,0,
Noah's Ark Animal Welfare Association,10,0,15,6,0,0,0,0,0,304,99,71,135,97,113,55,104,0,0,0,0,41,37,0,0,210,147,110,44,135,100,127,200,230,26,10,0,120,96,15,12,0,0,0,0,150,135,95,36,12,24,11,9,
Obe's Angels Rescue,0,0,0,0,0,4,8,0,0,0,0,0,0,4,8,0,0,0,0,0,0,0,0,0,0,0,0,0,0,0,0,0,0,0,0,0,0,0,2,0,0,0,0,0,0,0,0,0,0,0,0,0,0,
Oh Be Dogful Pet Ranch Inc. dba Oh Be Dogful Rescue,15,0,0,0,0,0,0,0,0,0,0,0,0,6,0,0,0,2,0,0,0,1,9,0,0,0,0,0,0,8,0,0,0,0,0,0,0,0,0,0,0,0,0,0,0,0,0,0,0,17,9,0,0,
Once Upon A Dog,0,0,0,0,0,0,0,0,0,0,0,0,0,1,0,0,0,1,0,0,4,21,28,27,41,0,0,0,0,23,28,9,9,0,0,0,0,0,0,27,19,0,0,0,0,0,0,0,0,0,0,0,0,
One Dog at a Time,0,0,0,0,0,0,0,0,0,2,0,0,0,11,0,0,0,0,0,0,0,0,0,0,0,0,0,0,0,13,0,0,0,0,0,0,0,0,0,0,0,0,0,0,0,0,0,0,0,0,0,0,0,
Opposable Thumb Marekting LLC,0,0,0,0,0,0,0,0,0,0,0,0,0,0,0,0,0,0,0,0,0,0,0,0,0,0,0,0,0,0,0,0,0,0,0,0,0,0,0,0,0,0,0,0,0,0,0,0,0,0,0,0,0,
OutPaws,0,0,0,0,0,18,1,4,0,0,0,0,0,2,0,3,0,20,3,0,0,7,0,11,3,0,0,0,0,42,4,16,3,0,0,0,0,0,0,0,0,0,0,0,0,0,0,0,0,0,0,0,0,
Painted Paws for Veterans,77,18,0,0,0,0,0,0,0,0,0,0,0,3,2,0,0,9,0,0,0,11,8,0,0,4,15,0,0,8,21,0,0,0,0,0,0,2,5,0,0,0,0,0,0,0,0,0,0,84,12,0,0,
Pals forever Animal Rescue,0,0,0,0,0,2,0,0,0,0,0,0,0,3,0,0,0,7,0,0,0,0,0,0,0,0,0,0,0,10,0,0,0,0,0,0,0,0,0,0,0,0,0,0,0,0,0,0,0,0,0,0,0,
Pampa Animal Welfare Society,0,0,0,0,0,0,0,0,0,0,0,0,0,0,0,0,0,0,0,0,0,0,0,0,0,0,0,0,0,0,0,0,0,0,0,0,0,0,0,0,0,0,0,0,0,0,0,0,0,0,0,0,0,
Paradise Animal Welfare Society,1,0,0,0,0,0,0,1,0,43,0,3,8,0,6,1,0,3,0,0,0,10,0,0,0,0,0,0,0,14,6,1,3,41,0,3,0,0,0,0,0,0,0,0,0,0,0,0,0,0,0,0,0,
Paws and Effect Canine Rescue of CO,0,0,0,0,0,0,0,0,0,0,0,0,0,0,0,0,0,0,11,0,0,24,135,0,0,0,0,0,0,20,140,0,0,0,0,0,0,0,0,0,0,0,0,0,0,4,2,0,0,0,0,0,0,
Paws and People ,2,0,0,0,0,0,0,0,0,0,0,0,0,3,0,0,0,2,0,0,0,23,22,0,0,0,0,0,0,29,22,0,0,0,0,0,0,0,0,0,0,0,0,0,0,0,0,0,0,1,0,0,0,
Paws For Life Animal Welfare and Protection Society,28,0,24,0,0,0,0,0,0,15,10,6,5,59,10,32,9,56,2,17,30,0,0,0,0,4,0,2,2,115,12,42,42,6,2,0,0,9,8,3,4,0,0,0,0,0,0,0,0,31,0,27,6,
Paws N Hooves & Black Forest Animal Sanctuary BFAS,0,0,0,0,0,25,6,0,0,0,0,0,0,14,5,0,0,0,0,0,0,91,160,0,0,0,0,0,0,160,84,0,0,0,0,0,0,0,0,0,0,0,0,0,0,0,0,0,0,0,0,0,0,
Paws on the Ground Colorado ,0,0,0,0,0,30,32,0,0,0,0,0,0,0,0,0,0,19,4,0,0,136,265,0,0,0,0,0,0,152,262,0,0,0,0,0,0,4,2,0,0,0,0,0,0,0,0,0,0,0,0,0,0,
PawsCo,0,0,0,0,0,13,1,4,3,0,0,0,3,1,7,2,0,56,10,58,55,2,0,8,26,0,0,0,0,59,17,55,73,1,0,0,0,1,0,2,0,0,0,0,0,0,0,0,0,0,0,0,0,
Pawsecond chance rescue,0,0,0,0,0,1,0,0,0,0,2,2,17,6,7,0,4,11,1,1,0,0,0,0,0,0,0,0,0,10,8,2,5,0,0,0,0,6,2,0,0,0,0,0,11,0,0,0,2,0,0,0,0,
PAWSitive Reaction,0,0,0,0,0,0,0,0,0,0,0,0,0,0,0,0,0,0,0,0,0,0,0,0,0,0,0,0,0,0,0,0,0,0,0,0,0,0,0,0,0,0,0,0,0,0,0,0,0,0,0,0,0,
Pawsitive Restorations Animal Rescue,0,0,0,0,0,3,0,0,0,0,0,0,0,12,4,0,5,2,12,0,0,33,94,0,0,0,35,0,0,45,115,0,4,0,0,0,0,0,0,0,0,0,0,0,0,0,0,0,0,0,0,0,0,
Peaceful Animal Adoption Shelter dba PAAS,608,476,1,0,0,0,0,0,0,0,0,0,0,0,0,0,0,0,0,0,0,608,476,0,0,0,0,0,0,0,0,0,0,0,0,0,0,0,0,0,0,0,0,0,0,0,0,0,0,0,0,0,0,
Peak View Animal Hospital ,0,0,0,0,0,0,0,0,0,20,1,0,2,1,0,0,0,0,0,0,0,0,0,0,0,0,0,0,0,2,1,0,0,16,0,0,0,3,0,0,0,0,0,0,0,0,0,0,0,0,0,0,0,
Peanut's Place Bully Rescue,18,0,0,0,0,0,0,0,0,0,0,0,0,0,0,0,0,1,0,0,0,3,0,0,0,0,0,0,0,3,0,0,0,0,0,0,0,0,0,0,0,0,0,0,0,0,0,0,0,19,0,0,0,
Pearl's Sunrize Sanctuary,4,0,23,0,13,0,0,0,0,0,0,0,0,1,0,0,0,0,0,0,0,0,0,0,0,0,0,0,0,0,0,0,0,0,0,0,0,0,0,0,0,0,0,0,0,0,0,0,0,4,1,17,0,
Pembroke Welsh Corgi of the Rockes Rescue,0,0,0,0,0,0,0,0,0,1,0,0,0,4,0,0,0,0,0,0,0,0,0,0,0,0,0,0,0,5,0,0,0,0,0,0,0,0,0,0,0,0,0,0,0,0,0,0,0,0,0,0,0,
"Pet Association of Estes Park, Inc.",3,0,2,0,0,2,0,0,0,2,0,4,0,16,5,11,3,3,0,4,0,11,4,22,6,0,9,0,0,34,14,40,9,0,0,0,0,0,0,2,0,0,0,0,0,0,0,0,0,1,0,1,0,
Pet Care Specialties LLC,0,0,0,0,0,0,0,0,0,0,0,0,0,0,0,0,0,0,0,0,0,0,0,0,0,0,0,0,0,0,0,0,0,0,0,0,0,0,0,0,0,0,0,0,0,0,0,0,0,0,0,0,0,
Pet project,0,0,10,0,0,0,0,4,19,0,0,0,0,0,0,0,0,0,0,5,46,0,0,0,0,0,0,157,93,0,0,0,0,0,0,142,48,0,0,16,86,0,0,0,0,0,0,5,0,0,0,9,3,
Pets First Animal Hospital,0,0,0,0,0,0,0,0,0,0,0,2,13,0,0,0,0,0,0,0,0,0,0,0,0,0,0,0,0,0,0,1,13,0,0,0,0,0,0,0,0,0,0,0,0,0,0,1,0,0,0,0,0,
PetSmart-Aurora Animal Shelter,19,0,8,0,0,0,0,2,0,239,7,55,54,78,6,32,8,24,9,13,1,0,0,3,0,20,5,15,5,368,27,122,68,0,0,0,0,1,0,0,0,0,0,0,0,0,0,0,0,11,0,6,0,
Planned Pethood International,45,23,16,39,0,0,0,0,0,4,2,3,16,30,21,16,22,8,1,0,0,4,1,0,0,0,0,0,1,43,24,16,39,0,0,0,0,0,0,0,0,0,0,0,0,0,0,0,0,3,2,3,0,
Platteville Police Department,0,0,0,0,0,0,0,0,0,23,1,0,0,0,0,0,0,0,0,0,0,0,0,0,0,0,0,0,0,0,0,0,0,16,1,0,0,7,0,0,0,0,0,0,0,0,0,0,0,0,0,0,0,
Pointerrescue,0,0,0,0,0,10,3,0,0,0,0,0,0,0,0,0,0,0,0,0,0,13,0,0,0,0,0,0,0,13,0,0,0,0,0,0,0,0,0,0,0,0,0,0,0,0,0,0,0,0,0,0,0,
Polaris Alaskan Malamute Rescue,3,0,0,0,0,0,0,0,0,0,0,0,0,6,0,0,0,10,0,0,0,6,0,0,0,0,0,0,0,15,0,0,0,0,0,0,0,0,0,0,0,0,0,0,0,0,0,0,0,10,0,0,0,
Prison Trained K9 Companion Program - Denver,32,0,0,0,0,0,0,0,0,0,0,0,0,33,14,0,0,73,0,0,0,71,0,0,0,1,0,0,0,169,14,0,0,0,0,0,0,3,0,0,0,0,0,0,0,0,0,0,0,37,0,0,0,
PTSD/TBI Dogs and Tags of Wyoming,0,0,0,0,0,0,0,0,0,0,0,0,0,0,0,0,0,0,0,0,0,0,0,0,0,0,0,0,0,0,0,0,0,0,0,0,0,0,0,0,0,0,0,0,0,0,0,0,0,0,0,0,0,
Puppy Kisses Ranch,25,5,0,0,0,0,0,0,0,0,0,0,0,3,0,0,0,0,43,0,0,0,0,0,0,0,0,0,0,0,0,0,0,0,0,0,0,0,0,0,0,0,0,0,0,0,0,0,0,0,0,0,0,
Purrendipity ,0,0,0,0,0,0,0,9,6,0,0,0,0,0,0,6,7,0,0,27,18,0,0,126,68,0,0,2,0,0,0,148,79,0,0,0,0,0,0,2,2,0,0,0,0,0,0,0,0,0,0,0,0,
Red Hill Animal Health Center,0,0,0,0,0,0,0,0,0,68,1,4,0,0,0,0,0,0,0,0,0,0,0,0,0,0,0,0,0,3,0,1,0,65,1,2,0,0,0,1,0,0,0,0,0,0,0,0,0,0,0,0,0,
Rescued Pets Movement Inc.,0,0,0,0,0,0,0,0,0,0,0,0,0,0,0,0,0,0,0,0,0,0,0,0,0,0,0,0,0,0,0,0,0,0,0,0,0,0,0,0,0,0,0,0,0,0,0,0,0,0,0,0,0,
Retriever Rescue of Colorado,0,0,0,0,0,30,16,0,0,0,0,0,0,8,0,0,0,4,4,0,0,67,21,0,0,6,18,0,0,82,51,0,0,0,0,0,0,0,0,0,0,0,0,0,0,0,0,0,0,33,8,0,0,
Rezdawg Rescue,0,0,0,0,0,30,47,59,10,1,0,10,25,2,4,7,6,0,0,0,0,146,295,322,344,0,0,0,0,155,342,360,333,0,0,0,0,12,7,20,38,0,0,0,0,0,0,0,0,0,0,0,0,
Rocky Ford Police Department,0,0,0,0,0,0,0,0,0,0,0,0,0,0,0,0,0,0,0,0,0,0,0,0,0,0,0,0,0,0,0,0,0,0,0,0,0,0,0,0,0,0,0,0,0,0,0,0,0,0,0,0,0,
"Rocky Mountain Cocker Rescue, Inc.  (RMCR)",0,0,0,0,0,39,1,0,0,0,1,0,0,52,0,0,0,22,0,0,0,35,3,0,0,4,6,0,0,90,4,0,0,2,0,0,0,0,0,0,0,1,0,0,0,0,0,0,0,0,0,0,0,
Rocky Mountain Feline Rescue,0,0,0,0,0,0,0,90,98,0,0,53,215,0,0,56,158,0,0,25,23,0,0,519,2176,0,0,16,0,0,0,677,2465,0,0,0,0,0,0,0,0,0,0,0,0,0,0,0,0,0,0,0,143,
Rocky Mountain French Bulldog Rescue,0,0,0,0,0,2,0,0,0,0,0,0,0,61,0,0,0,2,0,0,0,0,0,0,0,0,0,0,0,56,0,0,0,0,0,0,0,0,0,0,0,0,0,0,0,0,0,0,0,0,0,0,0,
"Rocky Mountain Great Dane Rescue, Inc.",0,0,0,0,0,8,3,0,0,0,0,0,0,40,0,0,0,6,0,0,0,4,0,0,0,0,12,0,0,35,14,0,0,0,0,0,0,0,0,0,0,0,1,0,0,2,0,0,0,0,0,0,0,
Rocky Mountain Lab Rescue,0,0,0,0,0,16,2,0,0,0,0,0,0,5,0,0,0,5,2,0,0,79,27,0,0,15,0,0,0,115,30,0,0,0,0,0,0,0,0,0,0,2,0,0,0,0,0,0,0,0,0,0,0,
Rocky Mountain Puppy Rescue,0,0,0,0,0,2,0,0,0,0,0,0,0,0,0,0,0,4,12,0,0,55,639,22,56,0,0,0,0,56,649,21,55,0,0,0,0,0,0,0,0,0,0,0,0,0,0,0,0,0,0,0,0,
Rocky Mountain Scottie Rescue Inc,0,0,0,0,0,1,0,0,0,0,0,0,0,12,0,0,0,0,0,0,0,0,0,0,0,0,0,0,0,9,0,0,0,0,0,0,0,0,0,0,0,0,0,0,0,0,0,0,0,0,0,0,0,
Rocky Mountain Yorkie Rescue,4,0,0,0,0,0,0,0,0,0,0,0,0,7,0,0,0,0,0,0,0,0,0,0,0,0,0,0,0,7,0,0,0,0,0,0,0,0,0,0,0,0,0,0,0,0,0,0,0,4,0,0,0,
"Rocky Mountian Collie and Sheltie Rescue, Inc.",0,0,0,0,0,14,0,0,0,0,0,0,0,28,9,0,0,11,2,0,0,11,0,0,0,0,0,0,0,48,11,0,0,0,0,0,0,0,0,0,0,0,0,0,0,0,0,0,0,0,0,0,0,
Roice-Hurst Humane Society,10,0,35,12,0,2,2,1,8,0,0,16,63,140,4,140,300,151,54,4,39,67,5,0,0,0,0,0,0,323,58,162,338,0,0,1,0,24,0,5,7,1,0,0,0,0,0,0,0,17,1,27,8,
Rottie Aid ,0,0,0,0,0,11,0,0,0,0,0,0,0,3,0,0,0,6,0,0,0,1,0,0,0,0,0,0,0,8,0,0,0,0,0,0,0,0,0,0,0,0,0,0,0,0,0,0,0,0,0,0,0,
Routt County Humane Society,11,0,31,0,0,0,0,0,0,183,13,96,89,32,19,47,17,23,6,1,0,11,40,0,0,9,0,6,2,82,70,129,83,164,8,35,0,5,0,7,5,1,0,0,0,2,0,6,1,6,2,20,1,
Running Dog Ranch,16,0,0,0,0,0,0,0,0,5,0,0,0,3,11,0,0,0,0,0,0,0,0,0,0,0,0,0,0,0,0,0,0,0,0,0,0,8,11,0,0,0,0,0,0,0,0,0,0,16,0,0,0,
Safe Harbor Lab Rescue,0,0,0,0,0,28,0,0,0,0,0,0,0,57,1,0,0,29,0,0,0,156,13,0,0,0,0,0,0,238,13,0,0,3,0,0,0,6,0,0,0,0,0,0,0,0,0,0,0,0,0,0,0,
Safe Place for Pets,0,0,0,0,0,0,0,11,0,0,0,0,0,15,0,46,0,0,0,0,0,0,0,0,0,0,0,0,0,13,0,47,0,0,0,0,0,0,0,0,0,0,0,0,0,0,0,0,0,2,0,8,0,
San Luis Valley Animal Welfare Society,36,7,0,0,0,0,0,0,0,12,1,0,0,42,88,0,0,51,22,0,0,0,0,0,0,6,2,0,0,90,106,0,0,10,0,0,0,0,6,0,0,0,0,0,0,0,0,0,0,46,8,0,0,
San Nicola Dog Rescue,13,0,0,0,0,0,0,0,0,0,0,0,0,1,10,0,0,1,0,0,0,53,0,0,0,0,0,0,0,45,7,0,0,0,0,0,0,0,0,0,0,0,0,0,0,0,0,0,0,24,3,0,0,
Save the Giants,0,0,0,0,0,21,0,0,0,1,0,0,0,7,12,0,0,1,0,0,0,1,0,0,0,0,0,0,0,12,11,0,0,0,0,0,0,0,0,0,0,0,0,0,0,0,0,0,0,0,0,0,0,
Saving Dobermankind Animal Rescue,0,0,0,0,0,8,3,0,0,0,0,0,0,8,0,0,0,6,1,0,0,16,13,0,0,0,0,0,0,29,51,0,0,0,0,0,0,1,1,0,0,3,0,0,0,0,0,0,0,0,0,0,0,
"Scroungy Dogs and Pretty Pups Rescue, Inc.",0,0,0,0,0,3,1,0,0,0,0,0,0,5,0,0,0,6,3,0,0,122,72,0,0,0,0,0,0,130,75,0,0,0,0,0,0,2,0,0,0,0,0,0,0,0,0,0,0,0,0,0,0,
Second Chance Animal Rescue Foundation,0,0,0,0,0,2,5,0,0,0,0,0,0,14,27,13,38,13,13,0,1,5,5,0,0,2,0,0,1,25,41,2,8,2,0,0,0,7,3,11,32,1,0,0,0,0,0,0,0,0,0,0,0,
Second Chance Humane Society ,14,0,26,0,0,0,0,0,0,82,33,59,55,36,15,21,29,60,8,4,4,3,6,0,0,0,0,4,0,138,52,89,65,39,1,7,0,0,0,0,0,0,0,0,0,0,0,0,0,15,8,17,17,
"Second Chance Jack Animal Rescue, Inc",0,0,0,0,0,5,0,2,0,0,0,0,0,0,0,0,0,6,0,0,0,3,0,0,0,0,0,0,0,13,0,0,0,0,0,0,0,0,0,0,0,0,0,0,0,1,0,0,0,0,0,0,0,
Sloppy Kisses Animal Rescue,0,0,0,0,0,18,18,2,10,0,0,0,0,16,13,4,7,1,0,0,0,241,190,0,81,0,11,0,0,259,223,2,88,0,0,0,0,0,0,0,0,0,0,0,0,0,0,0,0,0,0,0,0,
Small Senior Paws Retirement Village,26,0,0,0,0,0,0,0,0,0,0,0,0,5,0,0,0,4,0,0,0,2,0,0,0,0,0,0,0,0,0,0,0,0,0,0,0,0,0,0,0,0,0,0,0,0,0,0,0,32,0,0,0,
Snow Capped Shepherd Rescue,0,0,0,0,0,7,0,0,0,0,0,0,0,2,0,0,0,6,0,0,0,28,6,0,0,1,0,0,0,34,6,0,0,0,0,0,0,0,0,0,0,0,0,0,0,0,0,0,0,0,0,0,0,
Soul Dog Rescue,63,6,10,12,0,3,7,0,0,0,0,0,0,0,0,0,0,0,0,0,0,0,0,0,0,555,614,637,547,548,532,632,517,0,0,0,0,0,0,0,0,0,0,0,0,0,0,0,0,64,17,11,22,
Southern Colorado Spay-Neuter Association,7,0,83,8,0,0,0,0,4,40,3,19,47,22,5,30,72,17,0,28,46,0,0,0,0,0,0,4,0,64,4,77,117,12,0,0,0,0,0,0,0,0,0,0,0,0,0,0,0,9,4,74,34,
Southern Mutts Rescue,0,0,0,0,0,0,0,0,0,0,0,0,0,0,0,0,0,0,0,0,0,13,11,0,0,0,0,0,0,0,0,0,0,0,0,0,0,13,11,0,0,0,0,0,0,0,0,0,0,0,0,0,0,
Springer Spaniel Rescue Inc,0,0,0,0,0,0,0,0,0,0,0,0,0,3,1,0,0,1,0,0,0,1,0,0,0,0,0,0,0,5,1,0,0,0,0,0,0,0,0,0,0,0,0,0,0,0,0,0,0,0,0,0,0,
Summit County Animal Control and Shelter,15,0,13,0,0,3,0,1,0,125,10,31,9,51,6,29,1,39,0,71,86,138,72,15,0,77,1,7,2,264,82,120,93,164,2,14,0,1,0,0,0,0,0,0,0,0,0,0,0,8,0,25,2,
Summit Dog Rescue,0,0,0,0,0,11,0,1,0,0,0,0,0,7,0,0,0,1,0,0,0,41,7,6,1,0,0,0,0,53,6,7,1,0,0,0,0,0,0,0,0,0,0,0,0,0,0,0,0,0,0,0,0,
Sunshine Canyon Dog Rescue,0,0,0,0,0,2,9,0,0,0,0,0,0,1,0,0,0,0,0,0,0,12,25,0,0,3,0,0,0,13,25,0,0,0,0,0,0,0,0,0,0,0,0,0,0,2,0,0,0,0,0,0,0,
Surface Creek Animal Shelter,5,0,5,20,0,0,0,0,0,84,12,50,133,35,14,35,4,0,0,0,0,0,0,0,0,0,0,0,0,68,20,72,116,52,2,3,0,2,0,11,4,0,0,0,0,0,0,0,0,6,0,10,25,
Taysia Blue Rescue,0,0,0,0,0,1,0,0,0,0,0,0,0,18,0,0,0,20,0,0,0,19,0,0,0,0,0,0,0,55,0,0,0,0,0,0,0,0,0,0,0,0,0,0,0,0,0,0,0,0,0,0,0,
Team Leo Animal Rescue,0,0,0,0,0,21,0,0,0,0,0,0,0,1,0,0,0,0,0,0,0,6,0,0,0,0,0,0,0,3,0,0,0,0,0,0,0,0,0,0,0,0,0,0,0,0,0,0,0,0,0,0,0,
Teller County Regional Animal Shelter,14,0,15,0,0,1,0,1,0,334,14,22,25,69,18,44,40,7,0,47,24,117,67,29,65,0,0,0,0,226,87,132,146,295,2,8,0,2,0,1,0,0,0,0,0,0,0,0,0,14,0,15,0,
Telluride Humane Society,0,0,0,0,0,0,0,0,0,0,0,0,0,0,0,0,0,0,0,0,0,6,0,0,0,0,0,0,0,6,0,0,0,0,0,0,0,0,0,0,0,0,0,0,0,0,0,0,0,0,0,0,0,
"The Animal Debt Project, Inc.",28,0,0,0,0,0,0,0,0,0,1,0,0,13,0,0,0,7,0,0,0,192,91,0,0,0,0,0,0,54,19,0,0,1,0,0,0,1,6,0,0,141,59,0,0,0,0,0,0,39,7,0,0,
The Animal Hospital of Telluride,3,0,0,0,0,0,0,0,0,0,0,0,0,0,0,0,0,3,0,0,0,0,0,0,0,0,0,0,0,0,0,0,0,3,0,0,0,0,0,0,0,0,0,0,0,0,0,0,0,0,0,0,0,
The Animal Interest League and Sanctuary,6,6,0,0,0,0,0,0,0,134,118,38,42,33,29,22,25,95,58,0,12,42,25,0,0,0,0,0,0,214,121,25,30,17,10,0,0,60,85,31,43,0,0,0,0,0,0,0,0,9,13,4,5,
The Feline Fix,0,0,0,3,0,0,0,0,0,0,0,0,0,0,0,0,0,0,0,0,0,0,0,0,0,0,0,3,169,0,0,2,135,0,0,0,0,0,0,0,11,0,0,0,0,0,0,0,0,0,0,1,19,
The Gabriel Foundation,0,0,2,0,601,0,0,0,0,0,0,1,0,0,0,0,0,0,0,0,0,0,0,0,0,0,0,0,0,0,0,0,0,0,0,0,0,0,0,0,0,0,0,0,0,0,0,0,0,0,0,3,0,
"The Good Dog Rescue, LLC",0,0,0,0,0,18,9,0,0,0,0,0,0,10,1,0,3,3,0,0,0,201,118,0,1,0,32,0,0,222,136,1,0,0,0,0,0,0,0,0,0,0,0,0,0,0,0,0,0,0,0,0,0,
The Lazarus Fund,0,0,0,0,0,0,6,0,3,0,0,0,3,0,6,0,0,0,0,0,0,0,0,0,0,0,0,0,0,0,0,0,3,0,0,0,0,0,6,0,0,0,0,0,0,0,0,0,0,0,0,0,0,
The Misfits Dog Rescue ,0,0,0,0,0,11,14,0,0,0,1,0,0,14,4,0,0,43,8,0,0,41,19,0,0,0,0,0,0,91,41,0,0,0,0,0,0,11,5,0,0,0,0,0,0,0,0,0,0,0,0,0,0,
The Old Mutt Hut,5,0,0,0,0,0,0,0,0,0,0,0,0,0,0,0,0,2,0,0,0,2,0,0,0,0,0,0,0,0,0,0,0,0,0,0,0,0,0,0,0,0,0,0,0,0,0,0,0,8,0,0,0,
"The Sunrise Foundation, LTD",0,0,0,0,0,0,0,0,0,0,0,0,0,0,0,0,0,0,0,0,0,0,0,0,0,0,0,0,0,0,0,0,0,0,0,0,0,0,0,0,0,0,0,0,0,0,0,0,0,0,0,0,0,
Thunder Puppy K9 Rehabilitation and Rehoming,0,0,0,0,0,6,0,0,0,0,0,0,0,4,0,0,0,2,0,0,0,2,0,0,0,0,0,0,0,11,0,0,0,0,0,0,0,0,0,0,0,0,0,0,0,0,0,0,0,0,0,0,0,
Toby Darwin Foundation,0,0,0,0,0,0,0,0,0,0,0,0,0,6,1,1,3,0,0,0,0,9,11,0,0,0,0,0,0,7,20,0,3,0,0,1,0,0,0,0,0,0,0,0,0,0,0,0,0,0,0,0,0,
Tonay Stephens dba Hoof & Paw,0,0,0,0,0,2,1,1,2,20,3,5,6,16,15,1,3,0,0,0,0,0,0,0,0,10,3,2,7,20,17,4,13,18,3,3,0,4,1,1,0,0,0,0,0,0,0,0,0,0,0,0,0,
Town of Akron,0,0,0,0,0,0,0,0,0,22,9,8,22,2,0,0,0,0,0,0,0,0,0,0,0,0,0,0,0,1,2,4,21,20,7,4,1,1,0,0,0,0,0,0,0,0,0,0,0,0,0,0,0,
Town of La Veta Animal Shelter,0,0,0,0,0,0,0,0,0,0,0,0,0,1,0,0,0,0,0,0,0,0,0,0,0,0,0,0,0,0,0,0,0,1,0,0,0,0,0,0,0,0,0,0,0,0,0,0,0,0,0,0,0,
Town of Limon Animal Shelter,0,0,0,0,0,0,0,0,0,29,3,0,0,0,0,0,0,0,0,0,0,0,0,0,0,5,1,0,0,6,0,0,0,27,4,0,0,0,0,0,0,0,0,0,0,0,0,0,0,0,0,0,0,
Town of Meeker Animal Control Facility ,1,0,0,0,0,0,0,0,0,89,0,0,0,7,0,0,0,0,0,0,0,0,0,0,0,3,0,0,0,11,0,0,0,73,0,0,0,1,0,0,0,0,0,0,0,0,0,0,0,1,0,0,0,
Town of Naturita Animal Shelter,0,0,0,0,0,0,0,0,0,0,0,0,0,0,0,0,0,0,0,0,0,0,0,0,0,0,0,0,0,0,0,0,0,0,0,0,0,0,0,0,0,0,0,0,0,0,0,0,0,0,0,0,0,
Town of Ordway,0,0,0,0,0,0,0,0,0,11,1,0,0,1,1,0,0,0,0,0,0,0,0,0,0,0,0,0,0,0,0,0,0,6,0,0,0,5,1,0,0,0,0,0,0,0,0,0,0,11,1,0,0,
Town of Rangely Animal Shelter,3,0,17,0,0,0,0,0,0,65,0,33,12,6,0,6,4,0,0,0,0,0,0,0,0,0,0,12,0,9,0,57,0,57,0,0,0,15,0,0,0,1,0,0,9,0,0,0,0,0,0,0,0,
Town of Springfield,0,0,0,0,0,0,0,0,0,33,0,0,0,0,0,0,0,0,0,0,0,0,0,0,0,0,0,0,0,1,0,0,0,25,0,0,0,3,0,0,0,0,0,0,0,0,0,0,0,31,0,0,0,
Town of Walden Animal Shelter,0,0,0,0,0,0,0,0,0,2,0,0,0,0,0,0,0,0,0,0,0,0,0,0,0,0,0,0,0,0,0,0,0,2,0,0,0,0,0,0,0,0,0,0,0,0,0,0,0,0,0,0,0,
Town of Westcliffe,0,0,0,0,0,0,0,0,0,0,0,0,0,0,0,0,0,0,0,0,0,0,0,0,0,0,0,0,0,0,0,0,0,0,0,0,0,0,0,0,0,0,0,0,0,0,0,0,0,0,0,0,0,
True-Blue Pet Rescue,0,0,0,0,0,0,0,0,0,0,0,0,0,12,0,0,0,2,0,0,0,20,48,0,0,1,0,0,0,28,37,0,0,0,0,0,0,0,0,0,0,0,0,0,0,0,0,0,0,0,0,0,0,
Tumbleweed Country Kennels,0,0,0,0,0,0,0,0,0,200,6,43,3,9,5,5,0,0,0,0,0,0,0,0,0,0,0,0,0,3,0,1,2,145,0,3,0,81,5,27,0,0,0,0,0,0,0,0,0,2,0,0,0,
Twice Purrfect Feline Rescue,0,0,0,0,0,0,0,39,8,0,0,0,0,0,0,0,0,0,0,19,0,0,0,30,73,0,0,0,0,0,0,80,20,0,0,0,0,0,0,0,0,0,0,0,0,0,0,0,0,0,0,0,0,
Underdog Animal Rescue and Rehab,60,80,0,0,0,20,40,0,0,80,120,0,0,0,0,0,0,0,0,0,0,0,0,0,0,0,0,0,0,79,115,0,0,0,0,0,0,0,0,0,0,0,0,3,6,0,0,0,0,100,170,3,6,
Underdogs,0,0,0,0,0,16,1,2,0,1,0,0,0,0,1,0,1,26,6,0,0,7,5,0,0,0,0,0,0,42,12,1,0,0,0,0,0,0,0,0,0,0,0,0,0,0,0,0,0,0,0,0,0,
Until They're Home,0,0,0,0,0,0,0,0,0,0,0,0,0,13,0,1,5,4,1,1,2,0,0,0,0,0,0,0,0,1,1,0,0,4,0,0,0,0,0,0,0,0,0,0,0,0,0,0,0,0,0,0,0,
Upper Rio Grande Animal Society (Conour),41,7,2,10,0,7,0,0,0,184,76,2,10,52,45,0,0,0,0,0,0,0,0,0,0,4,2,0,0,172,64,14,8,45,19,0,0,62,42,15,15,0,0,0,0,0,0,0,0,47,0,0,0,
Valley Humane League,10,0,0,0,0,0,0,0,0,305,103,0,0,256,268,0,0,18,2,0,0,0,0,0,0,0,0,0,0,143,80,0,0,117,16,0,0,305,243,0,0,305,243,0,0,0,0,0,0,10,0,0,0,
Victory Service Dogs Inc.,0,0,0,0,0,9,0,0,0,0,0,0,0,1,0,0,0,1,0,0,0,2,0,0,0,0,0,0,0,3,0,0,0,0,0,0,0,0,0,0,0,0,0,0,0,0,0,0,0,0,0,0,0,
"Vintage Dog Rescue, Inc.",8,0,0,0,0,48,0,0,0,0,0,0,0,63,0,0,0,20,0,0,0,42,0,0,0,0,0,0,0,112,0,0,0,0,0,0,0,0,0,0,0,0,0,0,0,0,0,0,0,8,0,0,0,
W.O.L.F.,29,0,0,0,0,0,0,0,0,0,0,0,0,0,0,0,0,0,0,0,0,3,0,0,0,0,0,0,0,0,0,0,0,0,0,0,0,0,0,0,0,0,0,0,0,0,0,0,0,30,0,0,0,
Wagging Dog Rescue,0,0,0,0,0,0,0,0,0,0,0,0,0,0,0,0,0,0,0,0,0,1,0,0,0,0,0,0,0,0,0,0,0,0,0,0,0,0,0,0,0,0,0,0,0,0,0,0,0,0,0,0,0,
Westie Rescue Network,0,0,0,0,0,0,1,0,0,0,0,0,0,17,0,0,0,3,0,0,0,0,0,0,0,0,0,0,0,17,1,0,0,0,0,0,0,0,0,0,0,0,0,0,0,0,0,0,0,0,0,0,0,
Wet Mountain Animal Welfare,0,0,0,0,0,0,0,0,0,0,0,0,0,0,0,0,0,0,0,0,0,0,0,0,0,0,0,0,0,0,0,0,0,0,0,0,0,0,0,0,0,0,0,0,0,0,0,0,0,0,0,0,0,
Wild Blue Cats!,0,0,76,12,0,0,0,7,49,0,0,67,212,0,0,75,33,0,0,54,71,0,0,65,101,0,0,315,412,0,0,263,459,0,0,8,0,0,0,1,0,0,0,0,0,0,0,311,310,0,0,58,7,
William C Adamson,9,0,0,0,0,0,0,0,0,1,0,0,0,0,0,0,0,0,0,0,0,0,0,0,0,0,0,0,0,0,0,0,0,0,0,0,0,0,0,0,0,0,0,0,0,0,0,0,0,7,0,0,0,
Willow Run Feed and Supply,0,0,0,0,0,0,0,0,0,211,2,20,0,0,0,0,0,0,0,0,0,0,0,0,0,0,0,0,0,0,0,0,0,191,1,8,0,20,1,12,0,0,0,0,0,0,0,0,0,0,0,0,0,
Wolf Wood,58,0,0,0,0,0,0,0,0,0,0,0,0,1,0,0,0,2,0,0,0,1,0,0,0,0,0,0,0,0,0,0,0,0,0,0,0,0,0,0,0,0,0,0,0,0,0,0,0,56,0,0,0,
"X And B Pets, Inc. dba Perfect Pets",0,0,0,0,0,0,0,0,0,0,0,0,0,0,0,0,8,0,0,0,0,0,0,0,0,0,0,0,0,0,0,0,8,0,0,0,0,0,0,0,0,0,0,0,0,0,0,0,0,0,0,0,0,
,,,,,,,,,,,,,,,,,,,,,,,,,,,,,,,,,,,,,,,,,,,,,,,,,,,,,,
,,,,,,,,,,,,,,,,,,,,,,,,,,,,,,,,,,,,,,,,,,,,,,,,,,,,,,
,,,,,,,,,,,,,,,,,,,,,,,,,,,,,,,,,,,,,,,,,,,,,,,,,,,,,,
,,,,,,,,,,,,,,,,,,,,,,,,,,,,,,,,,,,,,,,,,,,,,,,,,,,,,,
,,,,,,,,,,,,,,,,,,,,,,,,,,,,,,,,,,,,,,,,,,,,,,,,,,,,,,
,,,,,,,,,,,,,,,,,,,,,,,,,,,,,,,,,,,,,,,,,,,,,,,,,,,,,,
